df_name,segment_index,start_location,end_location
1116,0,START,Boat
1116,1,Boat,Record
1116,2,Record,Fish
1116,3,Fish,Coal
1116,4,Coal,Roses
1116,5,Roses,Pants
1116,6,Pants,String
1116,7,String,Steak
1116,8,Steak,Shovel
1116,9,Shovel,PumpkinPie
1116,10,PumpkinPie,Saddle
1116,11,Saddle,Bed
1119,0,START,Record
1119,1,Record,Boat
1119,2,Boat,Saddle
1119,3,Saddle,PumpkinPie
1119,4,PumpkinPie,Shovel
1119,5,Shovel,Shovel
1119,6,Shovel,Steak
1119,7,Steak,String
1119,8,String,Roses
1119,9,Roses,Pants
1119,10,Pants,Coal
1119,11,Coal,String
1119,12,String,Steak
1119,13,Steak,String
1119,14,String,Coal
1119,15,Coal,Fish
1119,16,Fish,Saddle
1119,17,Saddle,Bed
2025,0,START,Bed
2025,1,Bed,Saddle
2025,2,Saddle,Boat
2025,3,Boat,Record
2025,4,Record,Bed
2025,5,Bed,String
2025,6,String,Steak
2025,7,Steak,Shovel
2025,8,Shovel,Saddle
2025,9,Saddle,String
2025,10,String,Roses
2025,11,Roses,Pants
2025,12,Pants,Fish
2025,13,Fish,Coal
2025,14,Coal,Pants
2025,15,Pants,String
2025,16,String,Saddle
2025,17,Saddle,PumpkinPie
2028,0,START,Record
2028,1,Record,Boat
2028,2,Boat,Saddle
2028,3,Saddle,Bed
2028,4,Bed,Shovel
2028,5,Shovel,Steak
2028,6,Steak,String
2028,7,String,Coal
2028,8,Coal,Fish
2028,9,Fish,Record
2028,10,Record,Boat
2028,11,Boat,Saddle
2028,12,Saddle,Shovel
2028,13,Shovel,Steak
2028,14,Steak,Coal
2028,15,Coal,Fish
2033,0,START,Bed
2033,1,Bed,Saddle
2033,2,Saddle,Boat
2033,3,Boat,Record
2033,4,Record,Fish
2033,5,Fish,Coal
2033,6,Coal,Roses
2033,7,Roses,Pants
2033,8,Pants,Bed
2033,9,Bed,Saddle
2033,10,Saddle,Shovel
2033,11,Shovel,Boat
2033,12,Boat,Record
2033,13,Record,Roses
2033,14,Roses,String
2042,0,START,Fish
2042,1,Fish,Record
2042,2,Record,Boat
2042,3,Boat,Saddle
2042,4,Saddle,Bed
2042,5,Bed,Shovel
2042,6,Shovel,Steak
2042,7,Steak,String
2042,8,String,Roses
2042,9,Roses,Pants
2042,10,Pants,Coal
2042,11,Coal,Pants
2042,12,Pants,Fish
2042,13,Fish,Coal
2042,14,Coal,Roses
2042,15,Roses,Pants
2042,16,Pants,Record
2042,17,Record,Boat
2042,18,Boat,Saddle
2042,19,Saddle,PumpkinPie
2052,0,START,Boat
2052,1,Boat,Record
2052,2,Record,Bed
2052,3,Bed,Saddle
2052,4,Saddle,Shovel
2052,5,Shovel,Steak
2052,6,Steak,String
2052,7,String,Roses
2052,8,Roses,Pants
2052,9,Pants,Fish
2052,10,Fish,Coal
2052,11,Coal,Bed
2052,12,Bed,Saddle
2052,13,Saddle,String
2052,14,String,Record
2052,15,Record,Saddle
2052,16,Saddle,Shovel
2052,17,Shovel,Steak
2052,18,Steak,Saddle
2052,19,Saddle,Bed
2052,20,Bed,PumpkinPie
2060,0,START,Bed
2060,1,Bed,Pants
2060,2,Pants,Fish
2060,3,Fish,Pants
2060,4,Pants,Roses
2060,5,Roses,Coal
2060,6,Coal,Roses
2060,7,Roses,Bed
2060,8,Bed,String
2060,9,String,Steak
2060,10,Steak,Shovel
2060,11,Shovel,PumpkinPie
2060,12,PumpkinPie,Saddle
2060,13,Saddle,Bed
2060,14,Bed,Roses
2060,15,Roses,Pants
2060,16,Pants,Bed
2060,17,Bed,Boat
2060,18,Boat,Record
2067,0,START,Boat
2067,1,Boat,Record
2067,2,Record,Pants
2067,3,Pants,Roses
2067,4,Roses,Coal
2067,5,Coal,Fish
2067,6,Fish,Record
2067,7,Record,Saddle
2067,8,Saddle,PumpkinPie
2067,9,PumpkinPie,Bed
2067,10,Bed,Shovel
2067,11,Shovel,Steak
2067,12,Steak,String
2074,0,START,Bed
2074,1,Bed,Saddle
2074,2,Saddle,PumpkinPie
2074,3,PumpkinPie,Bed
2074,4,Bed,String
2074,5,String,Steak
2074,6,Steak,Shovel
2074,7,Shovel,Record
2074,8,Record,Boat
2074,9,Boat,Roses
2074,10,Roses,Pants
2074,11,Pants,Coal
2074,12,Coal,Fish
2077,0,START,Bed
2077,1,Bed,String
2077,2,String,Steak
2077,3,Steak,Shovel
2077,4,Shovel,Bed
2077,5,Bed,Shovel
2077,6,Shovel,Saddle
2077,7,Saddle,PumpkinPie
2077,8,PumpkinPie,PumpkinPie
2077,9,PumpkinPie,Saddle
2077,10,Saddle,PumpkinPie
2077,11,PumpkinPie,Boat
2077,12,Boat,Record
2077,13,Record,Pants
2077,14,Pants,Coal
2077,15,Coal,Roses
2077,16,Roses,Boat
2077,17,Boat,PumpkinPie
2077,18,PumpkinPie,Saddle
2077,19,Saddle,Bed
2077,20,Bed,Shovel
2077,21,Shovel,Saddle
2079,0,START,Bed
2079,1,Bed,Saddle
2079,2,Saddle,PumpkinPie
2079,3,PumpkinPie,Shovel
2079,4,Shovel,Bed
2079,5,Bed,Boat
2079,6,Boat,Record
2079,7,Record,Fish
2079,8,Fish,Coal
2079,9,Coal,Pants
2079,10,Pants,Roses
2079,11,Roses,Bed
2079,12,Bed,Saddle
2079,13,Saddle,Coal
2079,14,Coal,Roses
2079,15,Roses,Steak
2079,16,Steak,Shovel
2079,17,Shovel,Fish
2079,18,Fish,Saddle
2079,19,Saddle,Steak
2079,20,Steak,String
2086,0,START,Record
2086,1,Record,Boat
2086,2,Boat,Saddle
2086,3,Saddle,PumpkinPie
2086,4,PumpkinPie,Bed
2086,5,Bed,Steak
2086,6,Steak,String
2086,7,String,Shovel
2086,8,Shovel,Roses
2086,9,Roses,Pants
2086,10,Pants,Coal
2086,11,Coal,Coal
2086,12,Coal,Fish
2087,0,START,Bed
2087,1,Bed,Saddle
2087,2,Saddle,PumpkinPie
2087,3,PumpkinPie,Boat
2087,4,Boat,Saddle
2087,5,Saddle,Saddle
2087,6,Saddle,Bed
2087,7,Bed,String
2087,8,String,Pants
2087,9,Pants,Coal
2087,10,Coal,Fish
2087,11,Fish,Record
2087,12,Record,Boat
2087,13,Boat,Pants
2087,14,Pants,Roses
2087,15,Roses,Pants
2087,16,Pants,Fish
2087,17,Fish,Coal
2087,18,Coal,Roses
2087,19,Roses,Steak
2087,20,Steak,Shovel
2088,0,START,Bed
2088,1,Bed,Steak
2088,2,Steak,Shovel
2088,3,Shovel,PumpkinPie
2088,4,PumpkinPie,Saddle
2088,5,Saddle,Boat
2088,6,Boat,Record
2088,7,Record,Fish
2088,8,Fish,Coal
2088,9,Coal,Roses
2088,10,Roses,Pants
2088,11,Pants,String
2089,0,START,Bed
2089,1,Bed,Saddle
2089,2,Saddle,PumpkinPie
2089,3,PumpkinPie,Boat
2089,4,Boat,Record
2089,5,Record,Fish
2089,6,Fish,Coal
2089,7,Coal,Roses
2089,8,Roses,Pants
2089,9,Pants,String
2089,10,String,Steak
2089,11,Steak,Shovel
2091,0,START,Boat
2091,1,Boat,Fish
2091,2,Fish,Coal
2091,3,Coal,Pants
2091,4,Pants,Coal
2091,5,Coal,String
2091,6,String,Bed
2091,7,Bed,Saddle
2091,8,Saddle,PumpkinPie
2091,9,PumpkinPie,Roses
2091,10,Roses,Boat
2091,11,Boat,Record
2091,12,Record,PumpkinPie
2091,13,PumpkinPie,Shovel
2092,0,START,Bed
2092,1,Bed,Saddle
2092,2,Saddle,Boat
2092,3,Boat,Bed
2092,4,Bed,String
2092,5,String,Steak
2092,6,Steak,Shovel
2092,7,Shovel,Saddle
2092,8,Saddle,Fish
2092,9,Fish,Pants
2092,10,Pants,Roses
2092,11,Roses,Coal
2092,12,Coal,Record
2092,13,Record,Boat
2092,14,Boat,Saddle
2092,15,Saddle,PumpkinPie
2093,0,START,Bed
2093,1,Bed,PumpkinPie
2093,2,PumpkinPie,Saddle
2093,3,Saddle,Boat
2093,4,Boat,Record
2093,5,Record,Fish
2093,6,Fish,Pants
2093,7,Pants,Roses
2093,8,Roses,Coal
2093,9,Coal,String
2093,10,String,Steak
2093,11,Steak,Shovel
2094,0,START,Bed
2094,1,Bed,Saddle
2094,2,Saddle,Boat
2094,3,Boat,Record
2094,4,Record,Pants
2094,5,Pants,Roses
2094,6,Roses,Coal
2094,7,Coal,Pants
2094,8,Pants,Saddle
2094,9,Saddle,Shovel
2094,10,Shovel,Fish
2094,11,Fish,Roses
2094,12,Roses,Pants
2094,13,Pants,Shovel
2094,14,Shovel,Steak
2094,15,Steak,String
2096,0,START,Boat
2096,1,Boat,Saddle
2096,2,Saddle,Record
2096,3,Record,Fish
2096,4,Fish,Pants
2096,5,Pants,Roses
2096,6,Roses,Coal
2096,7,Coal,Bed
2096,8,Bed,Shovel
2096,9,Shovel,Saddle
2096,10,Saddle,Boat
2096,11,Boat,PumpkinPie
2096,12,PumpkinPie,Shovel
2096,13,Shovel,Steak
2096,14,Steak,String
2098,0,START,Record
2098,1,Record,Fish
2098,2,Fish,Pants
2098,3,Pants,Roses
2098,4,Roses,Bed
2098,5,Bed,Shovel
2098,6,Shovel,Steak
2098,7,Steak,String
2098,8,String,Bed
2098,9,Bed,Saddle
2098,10,Saddle,Boat
2098,11,Boat,Record
2098,12,Record,Fish
2098,13,Fish,PumpkinPie
2098,14,PumpkinPie,Boat
2098,15,Boat,Coal
2099,0,START,Boat
2099,1,Boat,Record
2099,2,Record,Fish
2099,3,Fish,Coal
2099,4,Coal,Roses
2099,5,Roses,Pants
2099,6,Pants,String
2099,7,String,Steak
2099,8,Steak,Shovel
2099,9,Shovel,PumpkinPie
2099,10,PumpkinPie,Saddle
2099,11,Saddle,Bed
2100,0,START,Boat
2100,1,Boat,Record
2100,2,Record,Saddle
2100,3,Saddle,PumpkinPie
2100,4,PumpkinPie,Bed
2100,5,Bed,Shovel
2100,6,Shovel,Steak
2100,7,Steak,String
2100,8,String,Roses
2100,9,Roses,Pants
2100,10,Pants,Coal
2100,11,Coal,Fish
2101,0,START,String
2101,1,String,Steak
2101,2,Steak,Shovel
2101,3,Shovel,PumpkinPie
2101,4,PumpkinPie,Saddle
2101,5,Saddle,Bed
2101,6,Bed,Boat
2101,7,Boat,Record
2101,8,Record,Fish
2101,9,Fish,Coal
2101,10,Coal,Roses
2101,11,Roses,Pants
2109,0,START,Bed
2109,1,Bed,Saddle
2109,2,Saddle,Boat
2109,3,Boat,Record
2109,4,Record,PumpkinPie
2109,5,PumpkinPie,Saddle
2109,6,Saddle,Bed
2109,7,Bed,Shovel
2109,8,Shovel,Steak
2109,9,Steak,String
2109,10,String,Roses
2109,11,Roses,Coal
2109,12,Coal,Pants
2109,13,Pants,Fish
2110,0,START,Bed
2110,1,Bed,Saddle
2110,2,Saddle,PumpkinPie
2110,3,PumpkinPie,Shovel
2110,4,Shovel,Steak
2110,5,Steak,String
2110,6,String,Roses
2110,7,Roses,Coal
2110,8,Coal,Pants
2110,9,Pants,Fish
2110,10,Fish,Record
2110,11,Record,Boat
2130,0,START,Boat
2130,1,Boat,Saddle
2130,2,Saddle,PumpkinPie
2130,3,PumpkinPie,Shovel
2130,4,Shovel,Steak
2130,5,Steak,String
2130,6,String,String
2130,7,String,Roses
2130,8,Roses,Pants
2130,9,Pants,Coal
2130,10,Coal,Pants
2130,11,Pants,Fish
2130,12,Fish,Record
2130,13,Record,Roses
2133,0,START,Bed
2133,1,Bed,Saddle
2133,2,Saddle,Bed
2133,3,Bed,Saddle
2133,4,Saddle,PumpkinPie
2133,5,PumpkinPie,Boat
2133,6,Boat,Record
2133,7,Record,Fish
2133,8,Fish,Coal
2133,9,Coal,Roses
2133,10,Roses,Pants
2133,11,Pants,Record
2133,12,Record,Steak
2133,13,Steak,Shovel
2133,14,Shovel,PumpkinPie
2133,15,PumpkinPie,Bed
2133,16,Bed,Shovel
2133,17,Shovel,Coal
2133,18,Coal,Roses
2133,19,Roses,Pants
2133,20,Pants,Bed
2133,21,Bed,Steak
2133,22,Steak,Shovel
2133,23,Shovel,PumpkinPie
2133,24,PumpkinPie,Record
2133,25,Record,Fish
2133,26,Fish,Coal
2136,0,START,Record
2136,1,Record,Boat
2136,2,Boat,Fish
2136,3,Fish,Coal
2136,4,Coal,Roses
2136,5,Roses,Pants
2136,6,Pants,String
2136,7,String,Steak
2136,8,Steak,Shovel
2136,9,Shovel,PumpkinPie
2136,10,PumpkinPie,Saddle
2136,11,Saddle,Bed
2244,0,START,Record
2244,1,Record,Boat
2244,2,Boat,PumpkinPie
2244,3,PumpkinPie,Saddle
2244,4,Saddle,Bed
2244,5,Bed,Shovel
2244,6,Shovel,Steak
2244,7,Steak,String
2244,8,String,Roses
2244,9,Roses,Coal
2244,10,Coal,Pants
2244,11,Pants,Fish
2301,0,START,Bed
2301,1,Bed,Shovel
2301,2,Shovel,Steak
2301,3,Steak,String
2301,4,String,Roses
2301,5,Roses,Pants
2301,6,Pants,Coal
2301,7,Coal,Fish
2301,8,Fish,Record
2301,9,Record,Saddle
2301,10,Saddle,Bed
2301,11,Bed,Shovel
2301,12,Shovel,PumpkinPie
2301,13,PumpkinPie,Boat
4006,0,START,Bed
4006,1,Bed,Shovel
4006,2,Shovel,Steak
4006,3,Steak,String
4006,4,String,Roses
4006,5,Roses,Pants
4006,6,Pants,Fish
4006,7,Fish,Coal
4006,8,Coal,Record
4006,9,Record,Boat
4006,10,Boat,PumpkinPie
4006,11,PumpkinPie,Saddle
4032,0,START,Fish
4032,1,Fish,Record
4032,2,Record,Boat
4032,3,Boat,Saddle
4032,4,Saddle,PumpkinPie
4032,5,PumpkinPie,Bed
4032,6,Bed,Shovel
4032,7,Shovel,Shovel
4032,8,Shovel,Steak
4032,9,Steak,String
4032,10,String,Roses
4032,11,Roses,Pants
4032,12,Pants,Coal
4043,0,START,Bed
4043,1,Bed,Shovel
4043,2,Shovel,Steak
4043,3,Steak,String
4043,4,String,Roses
4043,5,Roses,Coal
4043,6,Coal,Pants
4043,7,Pants,Fish
4043,8,Fish,Record
4043,9,Record,Boat
4043,10,Boat,Saddle
4043,11,Saddle,Shovel
4043,12,Shovel,Bed
4043,13,Bed,Saddle
4043,14,Saddle,PumpkinPie
5008,0,START,Boat
5008,1,Boat,Record
5008,2,Record,Fish
5008,3,Fish,Pants
5008,4,Pants,Roses
5008,5,Roses,Coal
5008,6,Coal,Boat
5008,7,Boat,Saddle
5008,8,Saddle,Bed
5008,9,Bed,Shovel
5008,10,Shovel,Steak
5008,11,Steak,String
5008,12,String,Bed
5008,13,Bed,Roses
5008,14,Roses,Pants
5008,15,Pants,Coal
5008,16,Coal,Fish
5008,17,Fish,Record
5008,18,Record,Boat
5008,19,Boat,PumpkinPie
5009,0,START,Pants
5009,1,Pants,Coal
5009,2,Coal,Roses
5009,3,Roses,String
5009,4,String,Steak
5009,5,Steak,Shovel
5009,6,Shovel,Bed
5009,7,Bed,Saddle
5009,8,Saddle,Boat
5009,9,Boat,Record
5009,10,Record,Fish
5009,11,Fish,Pants
5009,12,Pants,PumpkinPie
5012,0,START,Pants
5012,1,Pants,Roses
5012,2,Roses,Coal
5012,3,Coal,Fish
5012,4,Fish,Record
5012,5,Record,Boat
5012,6,Boat,Saddle
5012,7,Saddle,Bed
5012,8,Bed,Shovel
5012,9,Shovel,Steak
5012,10,Steak,String
5012,11,String,Shovel
5012,12,Shovel,Saddle
5012,13,Saddle,Shovel
5012,14,Shovel,Saddle
5012,15,Saddle,PumpkinPie
5018,0,START,Bed
5018,1,Bed,Shovel
5018,2,Shovel,Steak
5018,3,Steak,String
5018,4,String,Roses
5018,5,Roses,Coal
5018,6,Coal,Pants
5018,7,Pants,Fish
5018,8,Fish,Record
5018,9,Record,Boat
5018,10,Boat,Saddle
5018,11,Saddle,PumpkinPie
5025,0,START,Pants
5025,1,Pants,Roses
5025,2,Roses,Coal
5025,3,Coal,Fish
5025,4,Fish,Record
5025,5,Record,Saddle
5025,6,Saddle,PumpkinPie
5025,7,PumpkinPie,Saddle
5025,8,Saddle,Bed
5025,9,Bed,Shovel
5025,10,Shovel,Steak
5025,11,Steak,Shovel
5025,12,Shovel,String
5025,13,String,String
5025,14,String,Boat
5035,0,START,Bed
5035,1,Bed,Saddle
5035,2,Saddle,PumpkinPie
5035,3,PumpkinPie,Boat
5035,4,Boat,Record
5035,5,Record,Fish
5035,6,Fish,Pants
5035,7,Pants,Coal
5035,8,Coal,Roses
5035,9,Roses,String
5035,10,String,Steak
5047,0,START,Bed
5047,1,Bed,Saddle
5047,2,Saddle,PumpkinPie
5047,3,PumpkinPie,Shovel
5047,4,Shovel,Steak
5047,5,Steak,String
5047,6,String,Roses
5047,7,Roses,Coal
5047,8,Coal,Pants
5047,9,Pants,Fish
5047,10,Fish,Record
5047,11,Record,Boat
5054,0,START,Record
5054,1,Record,Boat
5054,2,Boat,Saddle
5054,3,Saddle,Bed
5054,4,Bed,Shovel
5054,5,Shovel,Shovel
5054,6,Shovel,Steak
5054,7,Steak,String
5054,8,String,Pants
5054,9,Pants,Coal
5054,10,Coal,Roses
5054,11,Roses,Fish
5054,12,Fish,Coal
5054,13,Coal,Fish
5054,14,Fish,Saddle
5054,15,Saddle,PumpkinPie
5064,0,START,Bed
5064,1,Bed,Saddle
5064,2,Saddle,PumpkinPie
5064,3,PumpkinPie,Boat
5064,4,Boat,Record
5064,5,Record,Fish
5064,6,Fish,Coal
5064,7,Coal,Roses
5064,8,Roses,Pants
5064,9,Pants,Bed
5064,10,Bed,String
5064,11,String,Steak
5064,12,Steak,Shovel
