df_name,segment_index,start_location,end_location,training,cluster
1107,0,START,Helmet,1,3.0
1107,1,Helmet,FishingRod,1,0.0
1107,2,FishingRod,Ladder,1,0.0
1107,3,Ladder,FishingRod,1,0.0
1107,4,FishingRod,Paper,1,0.0
1107,5,Paper,Axe,1,0.0
1107,6,Axe,Wheat,1,3.0
1107,7,Wheat,Paper,1,0.0
1107,8,Paper,Bucket,1,2.0
1107,9,Bucket,Cactus,1,2.0
1107,10,Cactus,Axe,1,0.0
1107,11,Axe,Paper,1,0.0
1107,12,Paper,Ladder,1,0.0
1107,13,Ladder,Paper,1,0.0
1107,14,Paper,Pumpkin,1,0.0
1107,15,Pumpkin,Emerald,1,0.0
1107,16,Emerald,Watermelon,1,0.0
1107,17,Watermelon,Carrot,1,0.0
1120,0,START,Helmet,1,0.0
1120,1,Helmet,Ladder,1,0.0
1120,2,Ladder,FishingRod,1,0.0
1120,3,FishingRod,Paper,1,0.0
1120,4,Paper,Carrot,1,0.0
1120,5,Carrot,Watermelon,1,0.0
1120,6,Watermelon,Emerald,1,0.0
1120,7,Emerald,Paper,1,0.0
1120,8,Paper,Axe,1,0.0
1120,9,Axe,Wheat,1,0.0
1120,10,Wheat,Wheat,1,0.0
1120,11,Wheat,Pumpkin,1,0.0
1120,12,Pumpkin,Cactus,1,2.0
1120,13,Cactus,Bucket,1,
2014,0,START,Cactus,1,0.0
2014,1,Cactus,Bucket,1,0.0
2014,2,Bucket,Pumpkin,1,0.0
2014,3,Pumpkin,Emerald,1,
2014,4,Emerald,Watermelon,1,0.0
2014,5,Watermelon,Carrot,1,0.0
2014,6,Carrot,Helmet,1,0.0
2014,7,Helmet,FishingRod,1,2.0
2014,8,FishingRod,Ladder,1,0.0
2014,9,Ladder,Paper,1,0.0
2014,10,Paper,Axe,1,2.0
2014,11,Axe,Wheat,1,0.0
2019,0,START,Helmet,1,0.0
2019,1,Helmet,FishingRod,1,0.0
2019,2,FishingRod,Paper,1,0.0
2019,3,Paper,Axe,1,2.0
2019,4,Axe,Paper,1,2.0
2019,5,Paper,Ladder,1,0.0
2019,6,Ladder,Helmet,1,2.0
2019,7,Helmet,Carrot,1,0.0
2019,8,Carrot,Watermelon,1,0.0
2019,9,Watermelon,Watermelon,1,2.0
2019,10,Watermelon,Emerald,1,0.0
2019,11,Emerald,Cactus,1,0.0
2019,12,Cactus,Pumpkin,1,0.0
2019,13,Pumpkin,Bucket,1,0.0
2019,14,Bucket,Axe,1,0.0
2019,15,Axe,Ladder,1,
2019,16,Ladder,Helmet,1,0.0
2035,0,START,Helmet,1,0.0
2035,1,Helmet,FishingRod,1,1.0
2035,2,FishingRod,Ladder,1,0.0
2035,3,Ladder,Paper,1,0.0
2035,4,Paper,Emerald,1,0.0
2035,5,Emerald,Cactus,1,2.0
2035,6,Cactus,Pumpkin,1,0.0
2035,7,Pumpkin,Bucket,1,0.0
2035,8,Bucket,Pumpkin,1,0.0
2035,9,Pumpkin,Wheat,1,0.0
2035,10,Wheat,Axe,1,1.0
2035,11,Axe,Paper,1,0.0
2037,0,START,Helmet,1,0.0
2037,1,Helmet,Ladder,1,0.0
2037,2,Ladder,Carrot,1,0.0
2037,3,Carrot,Watermelon,1,0.0
2037,4,Watermelon,Emerald,1,0.0
2037,5,Emerald,Pumpkin,1,
2037,6,Pumpkin,Wheat,1,0.0
2037,7,Wheat,Axe,1,0.0
2037,8,Axe,Paper,1,0.0
2037,9,Paper,Ladder,1,0.0
2037,10,Ladder,Bucket,1,3.0
2037,11,Bucket,Cactus,1,0.0
2037,12,Cactus,Emerald,1,0.0
2037,13,Emerald,Watermelon,1,0.0
2037,14,Watermelon,Helmet,1,0.0
2037,15,Helmet,Ladder,1,1.0
2037,16,Ladder,Axe,1,0.0
2051,0,START,Helmet,1,0.0
2051,1,Helmet,Carrot,1,1.0
2051,2,Carrot,Watermelon,1,0.0
2051,3,Watermelon,Emerald,1,0.0
2051,4,Emerald,Pumpkin,1,0.0
2051,5,Pumpkin,Bucket,1,0.0
2051,6,Bucket,Cactus,1,2.0
2051,7,Cactus,Pumpkin,1,0.0
2051,8,Pumpkin,Wheat,1,0.0
2051,9,Wheat,Axe,1,
2051,10,Axe,Paper,1,0.0
2051,11,Paper,Ladder,1,0.0
2051,12,Ladder,FishingRod,1,0.0
2056,0,START,Helmet,1,0.0
2056,1,Helmet,FishingRod,1,0.0
2056,2,FishingRod,Paper,1,0.0
2056,3,Paper,Paper,1,0.0
2056,4,Paper,Ladder,1,0.0
2056,5,Ladder,Paper,1,0.0
2056,6,Paper,Carrot,1,2.0
2056,7,Carrot,Watermelon,1,0.0
2056,8,Watermelon,Emerald,1,0.0
2056,9,Emerald,Pumpkin,1,0.0
2056,10,Pumpkin,Wheat,1,0.0
2056,11,Wheat,Bucket,1,0.0
2056,12,Bucket,Cactus,1,2.0
2056,13,Cactus,FishingRod,1,0.0
2056,14,FishingRod,Carrot,1,2.0
2056,15,Carrot,Watermelon,1,0.0
2056,16,Watermelon,Emerald,1,0.0
2057,0,START,Helmet,1,0.0
2057,1,Helmet,FishingRod,1,2.0
2057,2,FishingRod,Carrot,1,0.0
2057,3,Carrot,Watermelon,1,0.0
2057,4,Watermelon,Emerald,1,0.0
2057,5,Emerald,Bucket,1,1.0
2057,6,Bucket,Pumpkin,1,0.0
2057,7,Pumpkin,Cactus,1,0.0
2057,8,Cactus,Wheat,1,0.0
2057,9,Wheat,Bucket,1,0.0
2057,10,Bucket,Cactus,1,0.0
2057,11,Cactus,Helmet,1,2.0
2057,12,Helmet,Watermelon,1,0.0
2075,0,START,Helmet,1,0.0
2075,1,Helmet,Helmet,1,0.0
2075,2,Helmet,FishingRod,1,0.0
2075,3,FishingRod,Ladder,1,2.0
2075,4,Ladder,Paper,1,2.0
2075,5,Paper,FishingRod,1,2.0
2075,6,FishingRod,Helmet,1,1.0
2075,7,Helmet,Watermelon,1,0.0
2075,8,Watermelon,Emerald,1,0.0
2075,9,Emerald,Pumpkin,1,0.0
2075,10,Pumpkin,Cactus,1,0.0
2075,11,Cactus,Bucket,1,0.0
2075,12,Bucket,Wheat,1,0.0
2075,13,Wheat,Axe,1,0.0
2075,14,Axe,Paper,1,0.0
2075,15,Paper,Pumpkin,1,0.0
2075,16,Pumpkin,Axe,1,
2075,17,Axe,Paper,1,0.0
2113,0,START,Helmet,1,0.0
2113,1,Helmet,Carrot,1,2.0
2113,2,Carrot,Watermelon,1,0.0
2113,3,Watermelon,Emerald,1,0.0
2113,4,Emerald,Cactus,1,0.0
2113,5,Cactus,Bucket,1,2.0
2113,6,Bucket,Pumpkin,1,0.0
2113,7,Pumpkin,Wheat,1,0.0
2113,8,Wheat,Axe,1,0.0
2113,9,Axe,Paper,1,0.0
2113,10,Paper,Ladder,1,0.0
2113,11,Ladder,FishingRod,1,0.0
2115,0,START,Helmet,1,0.0
2115,1,Helmet,FishingRod,1,2.0
2115,2,FishingRod,Ladder,1,0.0
2115,3,Ladder,Paper,1,0.0
2115,4,Paper,Ladder,1,0.0
2115,5,Ladder,Carrot,1,0.0
2115,6,Carrot,Watermelon,1,0.0
2115,7,Watermelon,Emerald,1,0.0
2115,8,Emerald,Helmet,1,2.0
2115,9,Helmet,Axe,1,2.0
2115,10,Axe,Wheat,1,0.0
2115,11,Wheat,Pumpkin,1,
2115,12,Pumpkin,Cactus,1,0.0
2115,13,Cactus,Bucket,1,
2236,0,START,Helmet,1,0.0
2236,1,Helmet,Bucket,1,0.0
2236,2,Bucket,Cactus,1,2.0
2236,3,Cactus,Emerald,1,2.0
2236,4,Emerald,Watermelon,1,0.0
2236,5,Watermelon,Carrot,1,0.0
2236,6,Carrot,Helmet,1,0.0
2236,7,Helmet,FishingRod,1,0.0
2236,8,FishingRod,Ladder,1,0.0
2236,9,Ladder,Emerald,1,0.0
2236,10,Emerald,Cactus,1,0.0
2236,11,Cactus,Pumpkin,1,0.0
2236,12,Pumpkin,Wheat,1,2.0
2236,13,Wheat,Axe,1,0.0
2236,14,Axe,Paper,1,
2247,0,START,Helmet,1,0.0
2247,1,Helmet,Emerald,1,0.0
2247,2,Emerald,Watermelon,1,0.0
2247,3,Watermelon,Carrot,1,0.0
2247,4,Carrot,Helmet,1,0.0
2247,5,Helmet,FishingRod,1,2.0
2247,6,FishingRod,Ladder,1,0.0
2247,7,Ladder,Paper,1,0.0
2247,8,Paper,Axe,1,
2247,9,Axe,Wheat,1,0.0
2247,10,Wheat,Pumpkin,1,0.0
2247,11,Pumpkin,Cactus,1,0.0
2247,12,Cactus,Bucket,1,2.0
2300,0,START,Helmet,1,0.0
2300,1,Helmet,FishingRod,1,0.0
2300,2,FishingRod,Ladder,1,2.0
2300,3,Ladder,Paper,1,0.0
2300,4,Paper,Helmet,1,0.0
2300,5,Helmet,Watermelon,1,0.0
2300,6,Watermelon,Carrot,1,1.0
2300,7,Carrot,Helmet,1,2.0
2300,8,Helmet,FishingRod,1,0.0
2300,9,FishingRod,Paper,1,2.0
2300,10,Paper,Axe,1,0.0
2300,11,Axe,Wheat,1,2.0
2300,12,Wheat,Bucket,1,0.0
2300,13,Bucket,Cactus,1,2.0
2300,14,Cactus,Pumpkin,1,0.0
2300,15,Pumpkin,Emerald,1,1.0
2303,0,START,Helmet,1,0.0
2303,1,Helmet,Ladder,1,0.0
2303,2,Ladder,FishingRod,1,0.0
2303,3,FishingRod,Paper,1,0.0
2303,4,Paper,Helmet,1,0.0
2303,5,Helmet,Watermelon,1,0.0
2303,6,Watermelon,Emerald,1,0.0
2303,7,Emerald,Bucket,1,0.0
2303,8,Bucket,Wheat,1,0.0
2303,9,Wheat,Pumpkin,1,0.0
2303,10,Pumpkin,Cactus,1,0.0
2303,11,Cactus,Axe,1,2.0
2303,12,Axe,Paper,1,0.0
2306,0,START,Helmet,1,0.0
2306,1,Helmet,Watermelon,1,0.0
2306,2,Watermelon,Carrot,1,0.0
2306,3,Carrot,FishingRod,1,0.0
2306,4,FishingRod,Ladder,1,0.0
2306,5,Ladder,Ladder,1,0.0
2306,6,Ladder,Paper,1,0.0
2306,7,Paper,Bucket,1,2.0
2306,8,Bucket,Bucket,1,0.0
2306,9,Bucket,Pumpkin,1,0.0
2306,10,Pumpkin,Wheat,1,2.0
2306,11,Wheat,Cactus,1,0.0
2306,12,Cactus,Paper,1,
2306,13,Paper,Axe,1,0.0
2309,0,START,Helmet,1,0.0
2309,1,Helmet,Carrot,1,2.0
2309,2,Carrot,Watermelon,1,0.0
2309,3,Watermelon,Emerald,1,0.0
2309,4,Emerald,Pumpkin,1,0.0
2309,5,Pumpkin,Cactus,1,2.0
2309,6,Cactus,Bucket,1,0.0
2309,7,Bucket,Wheat,1,0.0
2309,8,Wheat,Axe,1,2.0
2309,9,Axe,Paper,1,0.0
2309,10,Paper,Ladder,1,0.0
2309,11,Ladder,FishingRod,1,0.0
2312,0,START,Helmet,1,0.0
2312,1,Helmet,Watermelon,1,0.0
2312,2,Watermelon,Emerald,1,0.0
2312,3,Emerald,Cactus,1,0.0
2312,4,Cactus,Bucket,1,0.0
2312,5,Bucket,Pumpkin,1,0.0
2312,6,Pumpkin,Wheat,1,0.0
2312,7,Wheat,Pumpkin,1,0.0
2312,8,Pumpkin,Axe,1,2.0
2312,9,Axe,Paper,1,0.0
2312,10,Paper,Ladder,1,0.0
2312,11,Ladder,FishingRod,1,0.0
2312,12,FishingRod,Helmet,1,0.0
2312,13,Helmet,Carrot,1,0.0
2322,0,START,Helmet,1,0.0
2322,1,Helmet,FishingRod,1,0.0
2322,2,FishingRod,Ladder,1,0.0
2322,3,Ladder,Paper,1,0.0
2322,4,Paper,Emerald,1,
2322,5,Emerald,Pumpkin,1,0.0
2322,6,Pumpkin,Wheat,1,0.0
2322,7,Wheat,Bucket,1,0.0
2322,8,Bucket,Cactus,1,0.0
2322,9,Cactus,Emerald,1,0.0
2322,10,Emerald,Watermelon,1,0.0
2322,11,Watermelon,Carrot,1,0.0
2322,12,Carrot,Watermelon,1,
2322,13,Watermelon,Emerald,1,0.0
2322,14,Emerald,Helmet,1,0.0
2322,15,Helmet,Watermelon,1,2.0
3000,0,START,Helmet,1,0.0
3000,1,Helmet,FishingRod,1,2.0
3000,2,FishingRod,Helmet,1,0.0
3000,3,Helmet,Helmet,1,0.0
3000,4,Helmet,Cactus,1,0.0
3000,5,Cactus,Pumpkin,1,0.0
3000,6,Pumpkin,Bucket,1,0.0
3000,7,Bucket,Wheat,1,0.0
3000,8,Wheat,Pumpkin,1,
3000,9,Pumpkin,Emerald,1,0.0
3000,10,Emerald,Watermelon,1,0.0
3000,11,Watermelon,Carrot,1,0.0
3000,12,Carrot,Helmet,1,2.0
3000,13,Helmet,FishingRod,1,2.0
3001,0,START,Helmet,1,0.0
3001,1,Helmet,FishingRod,1,0.0
3001,2,FishingRod,Carrot,1,0.0
3001,3,Carrot,Watermelon,1,0.0
3001,4,Watermelon,Emerald,1,0.0
3001,5,Emerald,Cactus,1,0.0
3001,6,Cactus,Bucket,1,0.0
3001,7,Bucket,Wheat,1,0.0
3001,8,Wheat,Pumpkin,1,0.0
3001,9,Pumpkin,Axe,1,0.0
3001,10,Axe,Paper,1,0.0
3001,11,Paper,Ladder,1,0.0
3006,0,START,Bucket,1,2.0
3006,1,Bucket,Cactus,1,0.0
3006,2,Cactus,Pumpkin,1,0.0
3006,3,Pumpkin,Emerald,1,0.0
3006,4,Emerald,Watermelon,1,0.0
3006,5,Watermelon,Carrot,1,0.0
3006,6,Carrot,FishingRod,1,0.0
3006,7,FishingRod,Helmet,1,0.0
3006,8,Helmet,FishingRod,1,0.0
3006,9,FishingRod,Ladder,1,0.0
3006,10,Ladder,Paper,1,0.0
3006,11,Paper,Axe,1,0.0
3006,12,Axe,Wheat,1,0.0
3015,0,START,Helmet,1,0.0
3015,1,Helmet,Watermelon,1,0.0
3015,2,Watermelon,Emerald,1,0.0
3015,3,Emerald,Cactus,1,0.0
3015,4,Cactus,Cactus,1,0.0
3015,5,Cactus,Cactus,1,0.0
3015,6,Cactus,Cactus,1,0.0
3015,7,Cactus,Bucket,1,0.0
3015,8,Bucket,Pumpkin,1,0.0
3015,9,Pumpkin,Wheat,1,0.0
3015,10,Wheat,Axe,1,0.0
3015,11,Axe,Paper,1,0.0
3015,12,Paper,Ladder,1,0.0
3015,13,Ladder,FishingRod,1,0.0
3015,14,FishingRod,Emerald,1,3.0
3015,15,Emerald,Carrot,1,2.0
3017,0,START,Helmet,1,0.0
3017,1,Helmet,FishingRod,1,2.0
3017,2,FishingRod,Ladder,1,0.0
3017,3,Ladder,Helmet,1,2.0
3017,4,Helmet,Emerald,1,0.0
3017,5,Emerald,Watermelon,1,0.0
3017,6,Watermelon,Emerald,1,0.0
3017,7,Emerald,Pumpkin,1,0.0
3017,8,Pumpkin,Wheat,1,0.0
3017,9,Wheat,Axe,1,2.0
3017,10,Axe,Paper,1,0.0
3017,11,Paper,Ladder,1,0.0
3017,12,Ladder,Helmet,1,3.0
3017,13,Helmet,Axe,1,3.0
3020,0,START,Helmet,1,0.0
3020,1,Helmet,FishingRod,1,2.0
3020,2,FishingRod,Ladder,1,0.0
3020,3,Ladder,Paper,1,0.0
3020,4,Paper,Axe,1,2.0
3020,5,Axe,Wheat,1,0.0
3020,6,Wheat,Bucket,1,0.0
3020,7,Bucket,Pumpkin,1,2.0
3020,8,Pumpkin,Cactus,1,0.0
3020,9,Cactus,Pumpkin,1,0.0
3020,10,Pumpkin,Emerald,1,0.0
3020,11,Emerald,Watermelon,1,0.0
3020,12,Watermelon,Watermelon,1,0.0
3020,13,Watermelon,Carrot,1,0.0
3021,0,START,Helmet,1,0.0
3021,1,Helmet,Watermelon,1,0.0
3021,2,Watermelon,Carrot,1,0.0
3021,3,Carrot,FishingRod,1,2.0
3021,4,FishingRod,Paper,1,0.0
3021,5,Paper,Axe,1,0.0
3021,6,Axe,Wheat,1,0.0
3021,7,Wheat,Pumpkin,1,0.0
3021,8,Pumpkin,Cactus,1,0.0
3021,9,Cactus,Bucket,1,2.0
3021,10,Bucket,Emerald,1,2.0
3021,11,Emerald,Watermelon,1,0.0
3021,12,Watermelon,Cactus,1,0.0
3021,13,Cactus,Helmet,1,
3021,14,Helmet,FishingRod,1,2.0
3021,15,FishingRod,Carrot,1,2.0
3023,0,START,Helmet,1,0.0
3023,1,Helmet,FishingRod,1,2.0
3023,2,FishingRod,Ladder,1,0.0
3023,3,Ladder,Helmet,1,0.0
3023,4,Helmet,Carrot,1,0.0
3023,5,Carrot,Watermelon,1,0.0
3023,6,Watermelon,Emerald,1,0.0
3023,7,Emerald,Cactus,1,0.0
3023,8,Cactus,Bucket,1,0.0
3023,9,Bucket,Pumpkin,1,0.0
3023,10,Pumpkin,Wheat,1,1.0
3024,0,START,Helmet,1,0.0
3024,1,Helmet,Watermelon,1,0.0
3024,2,Watermelon,Emerald,1,0.0
3024,3,Emerald,Watermelon,1,
3024,4,Watermelon,Carrot,1,0.0
3024,5,Carrot,FishingRod,1,0.0
3024,6,FishingRod,Ladder,1,0.0
3024,7,Ladder,Paper,1,0.0
3024,8,Paper,Axe,1,0.0
3024,9,Axe,Bucket,1,
3024,10,Bucket,Pumpkin,1,0.0
3024,11,Pumpkin,Wheat,1,
3024,12,Wheat,Cactus,1,3.0
3031,0,START,Helmet,1,0.0
3031,1,Helmet,FishingRod,1,0.0
3031,2,FishingRod,Paper,1,0.0
3031,3,Paper,Wheat,1,0.0
3031,4,Wheat,Bucket,1,0.0
3031,5,Bucket,Cactus,1,2.0
3031,6,Cactus,Pumpkin,1,0.0
3031,7,Pumpkin,Pumpkin,1,0.0
3031,8,Pumpkin,Helmet,1,
3031,9,Helmet,Watermelon,1,0.0
3031,10,Watermelon,Carrot,1,0.0
3031,11,Carrot,Watermelon,1,0.0
3031,12,Watermelon,Emerald,1,0.0
3031,13,Emerald,Pumpkin,1,0.0
3031,14,Pumpkin,Axe,1,
3031,15,Axe,Paper,1,0.0
3031,16,Paper,Ladder,1,
3035,0,START,Helmet,1,0.0
3035,1,Helmet,FishingRod,1,0.0
3035,2,FishingRod,Ladder,1,2.0
3035,3,Ladder,Paper,1,0.0
3035,4,Paper,Helmet,1,0.0
3035,5,Helmet,Watermelon,1,0.0
3035,6,Watermelon,Emerald,1,0.0
3035,7,Emerald,Bucket,1,0.0
3035,8,Bucket,Pumpkin,1,0.0
3035,9,Pumpkin,Cactus,1,0.0
3035,10,Cactus,Wheat,1,0.0
3035,11,Wheat,Axe,1,2.0
3035,12,Axe,Paper,1,2.0
3035,13,Paper,Wheat,1,
3035,14,Wheat,Pumpkin,1,0.0
3039,0,START,Helmet,1,0.0
3039,1,Helmet,FishingRod,1,2.0
3039,2,FishingRod,Ladder,1,2.0
3039,3,Ladder,Paper,1,0.0
3039,4,Paper,Emerald,1,2.0
3039,5,Emerald,Watermelon,1,0.0
3039,6,Watermelon,Carrot,1,0.0
3039,7,Carrot,Cactus,1,
3039,8,Cactus,Pumpkin,1,0.0
3039,9,Pumpkin,Wheat,1,0.0
3039,10,Wheat,Axe,1,2.0
3039,11,Axe,Bucket,1,0.0
3043,0,START,FishingRod,1,0.0
3043,1,FishingRod,Helmet,1,0.0
3043,2,Helmet,Ladder,1,2.0
3043,3,Ladder,Paper,1,2.0
3043,4,Paper,Axe,1,2.0
3043,5,Axe,Wheat,1,0.0
3043,6,Wheat,Bucket,1,2.0
3043,7,Bucket,Pumpkin,1,0.0
3043,8,Pumpkin,Cactus,1,2.0
3043,9,Cactus,Emerald,1,2.0
3043,10,Emerald,Watermelon,1,0.0
3043,11,Watermelon,Helmet,1,0.0
3043,12,Helmet,Carrot,1,3.0
3052,0,START,Helmet,1,0.0
3052,1,Helmet,Watermelon,1,0.0
3052,2,Watermelon,Emerald,1,0.0
3052,3,Emerald,Bucket,1,0.0
3052,4,Bucket,Pumpkin,1,0.0
3052,5,Pumpkin,Cactus,1,0.0
3052,6,Cactus,Wheat,1,0.0
3052,7,Wheat,Pumpkin,1,0.0
3052,8,Pumpkin,Cactus,1,0.0
3052,9,Cactus,Watermelon,1,0.0
3052,10,Watermelon,Watermelon,1,3.0
3052,11,Watermelon,Pumpkin,1,0.0
3053,0,START,Helmet,1,0.0
3053,1,Helmet,Carrot,1,2.0
3053,2,Carrot,Watermelon,1,2.0
3053,3,Watermelon,Emerald,1,0.0
3053,4,Emerald,Cactus,1,2.0
3053,5,Cactus,Pumpkin,1,0.0
3053,6,Pumpkin,Bucket,1,0.0
3053,7,Bucket,Wheat,1,0.0
3053,8,Wheat,Pumpkin,1,0.0
3053,9,Pumpkin,Axe,1,
3053,10,Axe,FishingRod,1,3.0
3053,11,FishingRod,Ladder,1,0.0
3053,12,Ladder,Paper,1,0.0
3055,0,START,Helmet,1,2.0
3055,1,Helmet,Emerald,1,0.0
3055,2,Emerald,FishingRod,1,0.0
3055,3,FishingRod,FishingRod,1,0.0
3055,4,FishingRod,Ladder,1,0.0
3055,5,Ladder,Ladder,1,0.0
3055,6,Ladder,Paper,1,3.0
3055,7,Paper,Paper,1,0.0
3055,8,Paper,Wheat,1,
3055,9,Wheat,Pumpkin,1,
3055,10,Pumpkin,Emerald,1,2.0
3055,11,Emerald,Watermelon,1,0.0
3059,0,START,Helmet,1,0.0
3059,1,Helmet,FishingRod,1,0.0
3059,2,FishingRod,Carrot,1,0.0
3059,3,Carrot,Watermelon,1,0.0
3059,4,Watermelon,Emerald,1,0.0
3059,5,Emerald,Cactus,1,0.0
3059,6,Cactus,Pumpkin,1,0.0
3059,7,Pumpkin,Bucket,1,0.0
3059,8,Bucket,Wheat,1,0.0
3059,9,Wheat,Axe,1,0.0
3059,10,Axe,Paper,1,0.0
3059,11,Paper,Ladder,1,0.0
4020,0,START,Helmet,1,0.0
4020,1,Helmet,FishingRod,1,0.0
4020,2,FishingRod,Paper,1,0.0
4020,3,Paper,Ladder,1,2.0
4020,4,Ladder,Carrot,1,0.0
4020,5,Carrot,Watermelon,1,0.0
4020,6,Watermelon,Emerald,1,0.0
4020,7,Emerald,Cactus,1,0.0
4020,8,Cactus,Pumpkin,1,0.0
4020,9,Pumpkin,Wheat,1,0.0
4020,10,Wheat,Pumpkin,1,2.0
4020,11,Pumpkin,Cactus,1,0.0
4020,12,Cactus,Helmet,1,
4020,13,Helmet,Watermelon,1,0.0
4021,0,START,Cactus,1,2.0
4021,1,Cactus,Bucket,1,0.0
4021,2,Bucket,Pumpkin,1,0.0
4021,3,Pumpkin,Wheat,1,2.0
4021,4,Wheat,Axe,1,0.0
4021,5,Axe,Paper,1,0.0
4021,6,Paper,Ladder,1,0.0
4021,7,Ladder,Helmet,1,0.0
4021,8,Helmet,FishingRod,1,0.0
4021,9,FishingRod,Carrot,1,2.0
4021,10,Carrot,Watermelon,1,0.0
4021,11,Watermelon,Emerald,1,0.0
4022,0,START,Bucket,1,0.0
4022,1,Bucket,Bucket,1,0.0
4022,2,Bucket,Wheat,1,0.0
4022,3,Wheat,Pumpkin,1,0.0
4022,4,Pumpkin,Cactus,1,0.0
4022,5,Cactus,Emerald,1,0.0
4022,6,Emerald,Watermelon,1,0.0
4022,7,Watermelon,Carrot,1,0.0
4022,8,Carrot,FishingRod,1,0.0
4022,9,FishingRod,Paper,1,0.0
4022,10,Paper,Axe,1,0.0
4022,11,Axe,Wheat,1,
4022,12,Wheat,Pumpkin,1,0.0
4022,13,Pumpkin,Pumpkin,1,3.0
4022,14,Pumpkin,Bucket,1,0.0
4022,15,Bucket,Paper,1,0.0
4022,16,Paper,Paper,1,
4022,17,Paper,Ladder,1,0.0
4022,18,Ladder,FishingRod,1,0.0
4022,19,FishingRod,Watermelon,1,0.0
4022,20,Watermelon,Emerald,1,0.0
4024,0,START,Helmet,1,0.0
4024,1,Helmet,Watermelon,1,0.0
4024,2,Watermelon,Carrot,1,0.0
4024,3,Carrot,FishingRod,1,0.0
4024,4,FishingRod,Ladder,1,0.0
4024,5,Ladder,Paper,1,0.0
4024,6,Paper,Axe,1,0.0
4024,7,Axe,Wheat,1,0.0
4024,8,Wheat,Bucket,1,0.0
4024,9,Bucket,Pumpkin,1,0.0
4024,10,Pumpkin,Emerald,1,0.0
4024,11,Emerald,Watermelon,1,0.0
4024,12,Watermelon,FishingRod,1,
4024,13,FishingRod,Cactus,1,
4041,0,START,Helmet,1,0.0
4041,1,Helmet,Watermelon,1,0.0
4041,2,Watermelon,Emerald,1,0.0
4041,3,Emerald,Helmet,1,2.0
4041,4,Helmet,Cactus,1,2.0
4041,5,Cactus,Helmet,1,2.0
4041,6,Helmet,FishingRod,1,0.0
4041,7,FishingRod,Ladder,1,0.0
4041,8,Ladder,Paper,1,0.0
4041,9,Paper,Paper,1,1.0
4041,10,Paper,Ladder,1,0.0
4041,11,Ladder,FishingRod,1,0.0
4041,12,FishingRod,Helmet,1,0.0
4041,13,Helmet,Emerald,1,0.0
4041,14,Emerald,Cactus,1,0.0
4041,15,Cactus,Bucket,1,0.0
4045,0,START,Helmet,1,0.0
4045,1,Helmet,Watermelon,1,0.0
4045,2,Watermelon,Emerald,1,0.0
4045,3,Emerald,Pumpkin,1,0.0
4045,4,Pumpkin,Bucket,1,0.0
4045,5,Bucket,Wheat,1,0.0
4045,6,Wheat,Axe,1,0.0
4045,7,Axe,Paper,1,2.0
4045,8,Paper,Ladder,1,2.0
4045,9,Ladder,FishingRod,1,0.0
4045,10,FishingRod,Helmet,1,2.0
4045,11,Helmet,Helmet,1,0.0
4045,12,Helmet,Carrot,1,0.0
4045,13,Carrot,Watermelon,1,0.0
4045,14,Watermelon,Carrot,1,0.0
4045,15,Carrot,Helmet,1,3.0
4045,16,Helmet,Emerald,1,2.0
4045,17,Emerald,Carrot,1,0.0
4045,18,Carrot,Helmet,1,0.0
4045,19,Helmet,Ladder,1,0.0
4045,20,Ladder,Paper,1,0.0
4045,21,Paper,Axe,1,0.0
4045,22,Axe,Pumpkin,1,0.0
4045,23,Pumpkin,Emerald,1,0.0
4045,24,Emerald,Ladder,1,
4045,25,Ladder,Cactus,1,
5002,0,START,Helmet,1,2.0
5002,1,Helmet,Ladder,1,0.0
5002,2,Ladder,FishingRod,1,0.0
5002,3,FishingRod,Carrot,1,2.0
5002,4,Carrot,Watermelon,1,2.0
5002,5,Watermelon,Carrot,1,0.0
5002,6,Carrot,Emerald,1,0.0
5002,7,Emerald,Cactus,1,0.0
5002,8,Cactus,Pumpkin,1,2.0
5002,9,Pumpkin,Bucket,1,0.0
5002,10,Bucket,Wheat,1,0.0
5002,11,Wheat,Axe,1,
5002,12,Axe,Paper,1,0.0
5006,0,START,Helmet,1,0.0
5006,1,Helmet,FishingRod,1,0.0
5006,2,FishingRod,Ladder,1,0.0
5006,3,Ladder,Paper,1,0.0
5006,4,Paper,Axe,1,0.0
5006,5,Axe,Bucket,1,0.0
5006,6,Bucket,Bucket,1,0.0
5006,7,Bucket,Pumpkin,1,0.0
5006,8,Pumpkin,Wheat,1,0.0
5006,9,Wheat,Cactus,1,3.0
5006,10,Cactus,Emerald,1,0.0
5006,11,Emerald,Watermelon,1,0.0
5006,12,Watermelon,Carrot,1,2.0
5007,0,START,Helmet,1,0.0
5007,1,Helmet,FishingRod,1,0.0
5007,2,FishingRod,Ladder,1,0.0
5007,3,Ladder,Paper,1,2.0
5007,4,Paper,Ladder,1,0.0
5007,5,Ladder,Paper,1,0.0
5007,6,Paper,Axe,1,0.0
5007,7,Axe,Bucket,1,0.0
5007,8,Bucket,Cactus,1,
5007,9,Cactus,Bucket,1,0.0
5007,10,Bucket,Ladder,1,2.0
5007,11,Ladder,Paper,1,0.0
5007,12,Paper,Axe,1,0.0
5007,13,Axe,Wheat,1,0.0
5007,14,Wheat,Pumpkin,1,3.0
5007,15,Pumpkin,Emerald,1,
5007,16,Emerald,Watermelon,1,0.0
5007,17,Watermelon,Carrot,1,0.0
5030,0,START,Helmet,1,0.0
5030,1,Helmet,Watermelon,1,0.0
5030,2,Watermelon,Emerald,1,0.0
5030,3,Emerald,Bucket,1,0.0
5030,4,Bucket,Pumpkin,1,0.0
5030,5,Pumpkin,Cactus,1,0.0
5030,6,Cactus,Wheat,1,0.0
5030,7,Wheat,Axe,1,0.0
5030,8,Axe,Paper,1,0.0
5030,9,Paper,FishingRod,1,0.0
5030,10,FishingRod,Carrot,1,0.0
5030,11,Carrot,Watermelon,1,2.0
5030,12,Watermelon,Emerald,1,0.0
5030,13,Emerald,Cactus,1,1.0
5030,14,Cactus,Ladder,1,
5033,0,START,Helmet,1,0.0
5033,1,Helmet,Carrot,1,1.0
5033,2,Carrot,Watermelon,1,0.0
5033,3,Watermelon,Emerald,1,0.0
5033,4,Emerald,Pumpkin,1,2.0
5033,5,Pumpkin,Cactus,1,0.0
5033,6,Cactus,Bucket,1,0.0
5033,7,Bucket,Wheat,1,0.0
5033,8,Wheat,Axe,1,0.0
5033,9,Axe,Paper,1,0.0
5033,10,Paper,Ladder,1,0.0
5033,11,Ladder,FishingRod,1,0.0
5040,0,START,Axe,1,0.0
5040,1,Axe,Wheat,1,0.0
5040,2,Wheat,Ladder,1,2.0
5040,3,Ladder,FishingRod,1,0.0
5040,4,FishingRod,Carrot,1,2.0
5040,5,Carrot,Watermelon,1,0.0
5040,6,Watermelon,Emerald,1,0.0
5040,7,Emerald,Cactus,1,2.0
5040,8,Cactus,Bucket,1,0.0
5040,9,Bucket,Pumpkin,1,0.0
5040,10,Pumpkin,Watermelon,1,0.0
5040,11,Watermelon,Watermelon,1,
5040,12,Watermelon,Helmet,1,0.0
5040,13,Helmet,Carrot,1,0.0
5040,14,Carrot,Bucket,1,
5040,15,Bucket,Emerald,1,
5040,16,Emerald,Watermelon,1,2.0
5040,17,Watermelon,Ladder,1,0.0
5040,18,Ladder,Paper,1,0.0
5042,0,START,Emerald,1,0.0
5042,1,Emerald,Watermelon,1,0.0
5042,2,Watermelon,Carrot,1,0.0
5042,3,Carrot,Helmet,1,0.0
5042,4,Helmet,FishingRod,1,0.0
5042,5,FishingRod,Ladder,1,2.0
5042,6,Ladder,Paper,1,0.0
5042,7,Paper,Axe,1,0.0
5042,8,Axe,Wheat,1,0.0
5042,9,Wheat,Bucket,1,0.0
5042,10,Bucket,Pumpkin,1,0.0
5042,11,Pumpkin,Cactus,1,0.0
5044,0,START,Helmet,1,0.0
5044,1,Helmet,FishingRod,1,0.0
5044,2,FishingRod,Ladder,1,0.0
5044,3,Ladder,Paper,1,0.0
5044,4,Paper,Axe,1,0.0
5044,5,Axe,Wheat,1,0.0
5044,6,Wheat,Bucket,1,0.0
5044,7,Bucket,Pumpkin,1,0.0
5044,8,Pumpkin,Cactus,1,0.0
5044,9,Cactus,Emerald,1,0.0
5044,10,Emerald,Watermelon,1,0.0
5044,11,Watermelon,Carrot,1,0.0
5046,0,START,Helmet,1,0.0
5046,1,Helmet,FishingRod,1,0.0
5046,2,FishingRod,Ladder,1,0.0
5046,3,Ladder,Paper,1,0.0
5046,4,Paper,Axe,1,2.0
5046,5,Axe,Wheat,1,3.0
5046,6,Wheat,Bucket,1,0.0
5046,7,Bucket,Cactus,1,0.0
5046,8,Cactus,Pumpkin,1,2.0
5046,9,Pumpkin,Emerald,1,3.0
5046,10,Emerald,Watermelon,1,0.0
5046,11,Watermelon,Carrot,1,0.0
5049,0,START,Helmet,1,0.0
5049,1,Helmet,Emerald,1,
5049,2,Emerald,Watermelon,1,0.0
5049,3,Watermelon,Carrot,1,0.0
5049,4,Carrot,FishingRod,1,2.0
5049,5,FishingRod,Ladder,1,2.0
5049,6,Ladder,Paper,1,0.0
5049,7,Paper,Wheat,1,0.0
5049,8,Wheat,Bucket,1,
5049,9,Bucket,Cactus,1,0.0
5049,10,Cactus,Pumpkin,1,1.0
5049,11,Pumpkin,Helmet,1,2.0
5049,12,Helmet,Carrot,1,0.0
5049,13,Carrot,FishingRod,1,
5049,14,FishingRod,Paper,1,0.0
5049,15,Paper,Axe,1,0.0
5055,0,START,Helmet,1,0.0
5055,1,Helmet,FishingRod,1,0.0
5055,2,FishingRod,Carrot,1,0.0
5055,3,Carrot,Watermelon,1,0.0
5055,4,Watermelon,Emerald,1,0.0
5055,5,Emerald,Cactus,1,0.0
5055,6,Cactus,Bucket,1,0.0
5055,7,Bucket,Pumpkin,1,0.0
5055,8,Pumpkin,Wheat,1,0.0
5055,9,Wheat,Axe,1,0.0
5055,10,Axe,Paper,1,0.0
5055,11,Paper,Ladder,1,0.0
5057,0,START,Helmet,1,0.0
5057,1,Helmet,Emerald,1,2.0
5057,2,Emerald,Watermelon,1,0.0
5057,3,Watermelon,Paper,1,0.0
5057,4,Paper,Wheat,1,
5057,5,Wheat,Pumpkin,1,0.0
5057,6,Pumpkin,Cactus,1,0.0
5057,7,Cactus,Bucket,1,2.0
5057,8,Bucket,Wheat,1,2.0
5057,9,Wheat,FishingRod,1,
5057,10,FishingRod,Carrot,1,
5057,11,Carrot,FishingRod,1,0.0
5057,12,FishingRod,Ladder,1,0.0
5057,13,Ladder,Paper,1,0.0
5059,0,START,Helmet,1,0.0
5059,1,Helmet,FishingRod,1,0.0
5059,2,FishingRod,Ladder,1,0.0
5059,3,Ladder,Paper,1,0.0
5059,4,Paper,Axe,1,0.0
5059,5,Axe,Wheat,1,0.0
5059,6,Wheat,Bucket,1,0.0
5059,7,Bucket,Pumpkin,1,0.0
5059,8,Pumpkin,Cactus,1,0.0
5059,9,Cactus,Emerald,1,0.0
5059,10,Emerald,Watermelon,1,0.0
5059,11,Watermelon,Carrot,1,0.0
5062,0,START,Bucket,1,2.0
5062,1,Bucket,Cactus,1,2.0
5062,2,Cactus,Pumpkin,1,0.0
5062,3,Pumpkin,Wheat,1,2.0
5062,4,Wheat,Axe,1,0.0
5062,5,Axe,Paper,1,2.0
5062,6,Paper,Ladder,1,2.0
5062,7,Ladder,FishingRod,1,0.0
5062,8,FishingRod,Helmet,1,0.0
5062,9,Helmet,Emerald,1,
5062,10,Emerald,Watermelon,1,0.0
5062,11,Watermelon,Pumpkin,1,
5062,12,Pumpkin,Wheat,1,0.0
1107,0,START,Helmet,2,0.0
1107,1,Helmet,FishingRod,2,0.0
1107,2,FishingRod,Ladder,2,0.0
1107,3,Ladder,Paper,2,0.0
1107,4,Paper,Axe,2,0.0
1107,5,Axe,Wheat,2,0.0
1107,6,Wheat,Bucket,2,0.0
1107,7,Bucket,Cactus,2,0.0
1107,8,Cactus,Pumpkin,2,0.0
1107,9,Pumpkin,Emerald,2,0.0
1107,10,Emerald,Watermelon,2,0.0
1107,11,Watermelon,Carrot,2,0.0
1120,0,START,Helmet,2,0.0
1120,1,Helmet,Ladder,2,0.0
1120,2,Ladder,FishingRod,2,0.0
1120,3,FishingRod,Paper,2,0.0
1120,4,Paper,Axe,2,0.0
1120,5,Axe,Wheat,2,0.0
1120,6,Wheat,Bucket,2,0.0
1120,7,Bucket,Cactus,2,0.0
1120,8,Cactus,Pumpkin,2,0.0
1120,9,Pumpkin,Emerald,2,0.0
1120,10,Emerald,Watermelon,2,0.0
1120,11,Watermelon,Carrot,2,0.0
2014,0,START,Cactus,2,0.0
2014,1,Cactus,Bucket,2,0.0
2014,2,Bucket,Wheat,2,0.0
2014,3,Wheat,Pumpkin,2,0.0
2014,4,Pumpkin,Emerald,2,2.0
2014,5,Emerald,Watermelon,2,0.0
2014,6,Watermelon,Carrot,2,0.0
2014,7,Carrot,FishingRod,2,2.0
2014,8,FishingRod,Ladder,2,0.0
2014,9,Ladder,Paper,2,0.0
2014,10,Paper,Axe,2,2.0
2014,11,Axe,Helmet,2,
2019,0,START,Helmet,2,0.0
2019,1,Helmet,Cactus,2,
2019,2,Cactus,Bucket,2,0.0
2019,3,Bucket,Pumpkin,2,0.0
2019,4,Pumpkin,Wheat,2,
2019,5,Wheat,Axe,2,0.0
2019,6,Axe,Paper,2,0.0
2019,7,Paper,Ladder,2,0.0
2019,8,Ladder,FishingRod,2,0.0
2019,9,FishingRod,Helmet,2,0.0
2019,10,Helmet,Carrot,2,0.0
2019,11,Carrot,Watermelon,2,1.0
2019,12,Watermelon,Emerald,2,1.0
2035,0,START,Helmet,2,0.0
2035,1,Helmet,Watermelon,2,
2035,2,Watermelon,Carrot,2,0.0
2035,3,Carrot,FishingRod,2,2.0
2035,4,FishingRod,Ladder,2,0.0
2035,5,Ladder,Paper,2,0.0
2035,6,Paper,Axe,2,0.0
2035,7,Axe,Wheat,2,0.0
2035,8,Wheat,Bucket,2,0.0
2035,9,Bucket,Cactus,2,0.0
2035,10,Cactus,Pumpkin,2,0.0
2035,11,Pumpkin,Wheat,2,0.0
2035,12,Wheat,Axe,2,0.0
2035,13,Axe,Paper,2,0.0
2035,14,Paper,Helmet,2,3.0
2035,15,Helmet,Carrot,2,2.0
2035,16,Carrot,Watermelon,2,0.0
2035,17,Watermelon,Watermelon,2,
2035,18,Watermelon,Emerald,2,0.0
2037,0,START,Helmet,2,0.0
2037,1,Helmet,FishingRod,2,0.0
2037,2,FishingRod,Carrot,2,2.0
2037,3,Carrot,Watermelon,2,0.0
2037,4,Watermelon,Emerald,2,0.0
2037,5,Emerald,Pumpkin,2,0.0
2037,6,Pumpkin,Cactus,2,0.0
2037,7,Cactus,Bucket,2,0.0
2037,8,Bucket,Wheat,2,0.0
2037,9,Wheat,Axe,2,0.0
2037,10,Axe,Paper,2,0.0
2037,11,Paper,Ladder,2,0.0
2051,0,START,Helmet,2,0.0
2051,1,Helmet,FishingRod,2,0.0
2051,2,FishingRod,Ladder,2,2.0
2051,3,Ladder,Paper,2,0.0
2051,4,Paper,Paper,2,1.0
2051,5,Paper,Carrot,2,
2051,6,Carrot,Watermelon,2,0.0
2051,7,Watermelon,Emerald,2,0.0
2051,8,Emerald,Bucket,2,0.0
2051,9,Bucket,Wheat,2,0.0
2051,10,Wheat,Pumpkin,2,0.0
2051,11,Pumpkin,Cactus,2,0.0
2051,12,Cactus,Pumpkin,2,1.0
2051,13,Pumpkin,Pumpkin,2,
2056,0,START,Helmet,2,0.0
2056,1,Helmet,FishingRod,2,0.0
2056,2,FishingRod,Carrot,2,0.0
2056,3,Carrot,Watermelon,2,0.0
2056,4,Watermelon,Emerald,2,0.0
2056,5,Emerald,Pumpkin,2,0.0
2056,6,Pumpkin,Wheat,2,0.0
2056,7,Wheat,Bucket,2,2.0
2056,8,Bucket,Cactus,2,0.0
2056,9,Cactus,Helmet,2,0.0
2056,10,Helmet,Axe,2,
2056,11,Axe,Paper,2,0.0
2056,12,Paper,Helmet,2,0.0
2057,0,START,Helmet,2,0.0
2057,1,Helmet,FishingRod,2,2.0
2057,2,FishingRod,Ladder,2,0.0
2057,3,Ladder,Paper,2,0.0
2057,4,Paper,Carrot,2,2.0
2057,5,Carrot,Watermelon,2,0.0
2057,6,Watermelon,Emerald,2,0.0
2057,7,Emerald,Pumpkin,2,0.0
2057,8,Pumpkin,Bucket,2,0.0
2057,9,Bucket,Wheat,2,0.0
2057,10,Wheat,Axe,2,2.0
2057,11,Axe,Ladder,2,2.0
2057,12,Ladder,Helmet,2,2.0
2057,13,Helmet,Carrot,2,2.0
2057,14,Carrot,Watermelon,2,0.0
2057,15,Watermelon,Watermelon,2,0.0
2057,16,Watermelon,Emerald,2,0.0
2057,17,Emerald,Cactus,2,2.0
2075,0,START,Helmet,2,0.0
2075,1,Helmet,FishingRod,2,0.0
2075,2,FishingRod,Ladder,2,2.0
2075,3,Ladder,Paper,2,0.0
2075,4,Paper,Wheat,2,0.0
2075,5,Wheat,Bucket,2,0.0
2075,6,Bucket,Pumpkin,2,0.0
2075,7,Pumpkin,Cactus,2,0.0
2075,8,Cactus,Pumpkin,2,0.0
2075,9,Pumpkin,Emerald,2,0.0
2075,10,Emerald,Watermelon,2,0.0
2075,11,Watermelon,Carrot,2,0.0
2075,12,Carrot,FishingRod,2,0.0
2075,13,FishingRod,Cactus,2,0.0
2075,14,Cactus,Wheat,2,3.0
2075,15,Wheat,Axe,2,0.0
2113,0,START,Helmet,2,0.0
2113,1,Helmet,Ladder,2,0.0
2113,2,Ladder,FishingRod,2,0.0
2113,3,FishingRod,Paper,2,0.0
2113,4,Paper,Watermelon,2,0.0
2113,5,Watermelon,Carrot,2,0.0
2113,6,Carrot,Emerald,2,0.0
2113,7,Emerald,Cactus,2,0.0
2113,8,Cactus,Pumpkin,2,0.0
2113,9,Pumpkin,Bucket,2,0.0
2113,10,Bucket,Wheat,2,0.0
2113,11,Wheat,Axe,2,0.0
2115,0,START,Helmet,2,0.0
2115,1,Helmet,Helmet,2,0.0
2115,2,Helmet,Carrot,2,0.0
2115,3,Carrot,Carrot,2,0.0
2115,4,Carrot,Watermelon,2,0.0
2115,5,Watermelon,Emerald,2,0.0
2115,6,Emerald,Cactus,2,0.0
2115,7,Cactus,Bucket,2,0.0
2115,8,Bucket,Pumpkin,2,0.0
2115,9,Pumpkin,Pumpkin,2,0.0
2115,10,Pumpkin,Wheat,2,0.0
2115,11,Wheat,Axe,2,2.0
2115,12,Axe,Paper,2,1.0
2115,13,Paper,Ladder,2,0.0
2115,14,Ladder,FishingRod,2,0.0
2236,0,START,Helmet,2,0.0
2236,1,Helmet,FishingRod,2,0.0
2236,2,FishingRod,Paper,2,0.0
2236,3,Paper,Ladder,2,0.0
2236,4,Ladder,Helmet,2,0.0
2236,5,Helmet,Watermelon,2,0.0
2236,6,Watermelon,Emerald,2,0.0
2236,7,Emerald,Cactus,2,0.0
2236,8,Cactus,Bucket,2,0.0
2236,9,Bucket,Pumpkin,2,0.0
2236,10,Pumpkin,Wheat,2,0.0
2236,11,Wheat,Axe,2,2.0
2236,12,Axe,Carrot,2,0.0
2247,0,START,Helmet,2,0.0
2247,1,Helmet,FishingRod,2,0.0
2247,2,FishingRod,Ladder,2,0.0
2247,3,Ladder,Emerald,2,2.0
2247,4,Emerald,Watermelon,2,0.0
2247,5,Watermelon,Bucket,2,0.0
2247,6,Bucket,Cactus,2,0.0
2247,7,Cactus,Pumpkin,2,0.0
2247,8,Pumpkin,Wheat,2,0.0
2247,9,Wheat,Axe,2,0.0
2247,10,Axe,Paper,2,2.0
2247,11,Paper,FishingRod,2,0.0
2247,12,FishingRod,Carrot,2,0.0
2300,0,START,Helmet,2,0.0
2300,1,Helmet,FishingRod,2,0.0
2300,2,FishingRod,Helmet,2,0.0
2300,3,Helmet,Bucket,2,0.0
2300,4,Bucket,Cactus,2,2.0
2300,5,Cactus,Pumpkin,2,0.0
2300,6,Pumpkin,Wheat,2,3.0
2300,7,Wheat,Axe,2,0.0
2300,8,Axe,Paper,2,0.0
2300,9,Paper,Ladder,2,0.0
2300,10,Ladder,Paper,2,2.0
2300,11,Paper,Carrot,2,3.0
2300,12,Carrot,Watermelon,2,0.0
2300,13,Watermelon,Emerald,2,0.0
2303,0,START,Helmet,2,0.0
2303,1,Helmet,FishingRod,2,2.0
2303,2,FishingRod,Ladder,2,0.0
2303,3,Ladder,Paper,2,0.0
2303,4,Paper,Carrot,2,0.0
2303,5,Carrot,Watermelon,2,0.0
2303,6,Watermelon,Emerald,2,0.0
2303,7,Emerald,Carrot,2,0.0
2303,8,Carrot,Ladder,2,0.0
2303,9,Ladder,Paper,2,0.0
2303,10,Paper,FishingRod,2,0.0
2303,11,FishingRod,Carrot,2,0.0
2303,12,Carrot,Cactus,2,0.0
2303,13,Cactus,Pumpkin,2,0.0
2303,14,Pumpkin,Wheat,2,0.0
2303,15,Wheat,Pumpkin,2,2.0
2303,16,Pumpkin,Pumpkin,2,2.0
2303,17,Pumpkin,Bucket,2,0.0
2303,18,Bucket,Emerald,2,3.0
2303,19,Emerald,Watermelon,2,0.0
2303,20,Watermelon,Carrot,2,0.0
2303,21,Carrot,Helmet,2,0.0
2306,0,START,Helmet,2,0.0
2306,1,Helmet,FishingRod,2,2.0
2306,2,FishingRod,Watermelon,2,1.0
2306,3,Watermelon,Carrot,2,0.0
2306,4,Carrot,FishingRod,2,0.0
2306,5,FishingRod,Ladder,2,0.0
2306,6,Ladder,Paper,2,0.0
2306,7,Paper,Paper,2,1.0
2306,8,Paper,Axe,2,3.0
2306,9,Axe,Wheat,2,0.0
2306,10,Wheat,Bucket,2,0.0
2306,11,Bucket,Pumpkin,2,0.0
2306,12,Pumpkin,Cactus,2,0.0
2306,13,Cactus,Emerald,2,2.0
2309,0,START,Helmet,2,0.0
2309,1,Helmet,Carrot,2,0.0
2309,2,Carrot,Watermelon,2,0.0
2309,3,Watermelon,Emerald,2,0.0
2309,4,Emerald,Pumpkin,2,2.0
2309,5,Pumpkin,Cactus,2,0.0
2309,6,Cactus,Bucket,2,0.0
2309,7,Bucket,Wheat,2,0.0
2309,8,Wheat,Axe,2,0.0
2309,9,Axe,Paper,2,0.0
2309,10,Paper,Ladder,2,0.0
2309,11,Ladder,FishingRod,2,0.0
2312,0,START,Helmet,2,0.0
2312,1,Helmet,FishingRod,2,0.0
2312,2,FishingRod,Helmet,2,0.0
2312,3,Helmet,Ladder,2,0.0
2312,4,Ladder,Bucket,2,0.0
2312,5,Bucket,Cactus,2,0.0
2312,6,Cactus,Pumpkin,2,0.0
2312,7,Pumpkin,Wheat,2,
2312,8,Wheat,Axe,2,0.0
2312,9,Axe,Paper,2,0.0
2312,10,Paper,Ladder,2,1.0
2312,11,Ladder,Helmet,2,0.0
2312,12,Helmet,Watermelon,2,0.0
2312,13,Watermelon,Carrot,2,0.0
2312,14,Carrot,Emerald,2,0.0
2322,0,START,Helmet,2,0.0
2322,1,Helmet,Watermelon,2,0.0
2322,2,Watermelon,Emerald,2,0.0
2322,3,Emerald,Cactus,2,0.0
2322,4,Cactus,Bucket,2,0.0
2322,5,Bucket,Wheat,2,0.0
2322,6,Wheat,Ladder,2,0.0
2322,7,Ladder,FishingRod,2,0.0
2322,8,FishingRod,Paper,2,0.0
2322,9,Paper,Helmet,2,2.0
2322,10,Helmet,Carrot,2,0.0
2322,11,Carrot,Watermelon,2,0.0
2322,12,Watermelon,Helmet,2,0.0
2322,13,Helmet,Axe,2,0.0
2322,14,Axe,Ladder,2,
2322,15,Ladder,Emerald,2,3.0
2322,16,Emerald,Watermelon,2,3.0
3000,0,START,Axe,2,0.0
3000,1,Axe,Paper,2,0.0
3000,2,Paper,Ladder,2,2.0
3000,3,Ladder,Helmet,2,0.0
3000,4,Helmet,Helmet,2,1.0
3000,5,Helmet,FishingRod,2,0.0
3000,6,FishingRod,Carrot,2,0.0
3000,7,Carrot,Watermelon,2,0.0
3000,8,Watermelon,Emerald,2,0.0
3000,9,Emerald,Wheat,2,0.0
3000,10,Wheat,Bucket,2,0.0
3000,11,Bucket,Cactus,2,0.0
3000,12,Cactus,Pumpkin,2,0.0
3001,0,START,Helmet,2,0.0
3001,1,Helmet,Ladder,2,0.0
3001,2,Ladder,FishingRod,2,0.0
3001,3,FishingRod,Carrot,2,0.0
3001,4,Carrot,Watermelon,2,0.0
3001,5,Watermelon,Emerald,2,2.0
3001,6,Emerald,Cactus,2,0.0
3001,7,Cactus,Pumpkin,2,0.0
3001,8,Pumpkin,Bucket,2,0.0
3001,9,Bucket,Wheat,2,0.0
3001,10,Wheat,Axe,2,0.0
3001,11,Axe,Ladder,2,0.0
3001,12,Ladder,Paper,2,3.0
3006,0,START,Helmet,2,0.0
3006,1,Helmet,Carrot,2,0.0
3006,2,Carrot,Watermelon,2,0.0
3006,3,Watermelon,Emerald,2,0.0
3006,4,Emerald,Cactus,2,0.0
3006,5,Cactus,Pumpkin,2,0.0
3006,6,Pumpkin,Bucket,2,0.0
3006,7,Bucket,Wheat,2,2.0
3006,8,Wheat,Axe,2,0.0
3006,9,Axe,Paper,2,0.0
3006,10,Paper,Ladder,2,0.0
3006,11,Ladder,FishingRod,2,0.0
3015,0,START,Helmet,2,0.0
3015,1,Helmet,Carrot,2,0.0
3015,2,Carrot,Watermelon,2,0.0
3015,3,Watermelon,Emerald,2,0.0
3015,4,Emerald,Pumpkin,2,0.0
3015,5,Pumpkin,Bucket,2,0.0
3015,6,Bucket,Wheat,2,0.0
3015,7,Wheat,Axe,2,0.0
3015,8,Axe,Paper,2,0.0
3015,9,Paper,Ladder,2,0.0
3015,10,Ladder,FishingRod,2,0.0
3015,11,FishingRod,Helmet,2,1.0
3015,12,Helmet,Bucket,2,0.0
3015,13,Bucket,Cactus,2,0.0
3017,0,START,Helmet,2,0.0
3017,1,Helmet,Carrot,2,0.0
3017,2,Carrot,Watermelon,2,0.0
3017,3,Watermelon,Emerald,2,0.0
3017,4,Emerald,Cactus,2,2.0
3017,5,Cactus,Bucket,2,2.0
3017,6,Bucket,Cactus,2,
3017,7,Cactus,Emerald,2,0.0
3017,8,Emerald,Watermelon,2,0.0
3017,9,Watermelon,FishingRod,2,0.0
3017,10,FishingRod,Wheat,2,
3017,11,Wheat,Bucket,2,0.0
3017,12,Bucket,Pumpkin,2,0.0
3017,13,Pumpkin,Bucket,2,0.0
3017,14,Bucket,Cactus,2,0.0
3017,15,Cactus,Pumpkin,2,2.0
3017,16,Pumpkin,Helmet,2,
3017,17,Helmet,Watermelon,2,0.0
3017,18,Watermelon,Watermelon,2,3.0
3017,19,Watermelon,Axe,2,2.0
3017,20,Axe,Paper,2,0.0
3020,0,START,Helmet,2,0.0
3020,1,Helmet,FishingRod,2,2.0
3020,2,FishingRod,Ladder,2,2.0
3020,3,Ladder,Paper,2,0.0
3020,4,Paper,Axe,2,0.0
3020,5,Axe,Wheat,2,2.0
3020,6,Wheat,Bucket,2,0.0
3020,7,Bucket,Pumpkin,2,0.0
3020,8,Pumpkin,Cactus,2,0.0
3020,9,Cactus,Emerald,2,0.0
3020,10,Emerald,Watermelon,2,0.0
3020,11,Watermelon,Ladder,2,0.0
3020,12,Ladder,Paper,2,0.0
3020,13,Paper,Carrot,2,2.0
3021,0,START,Ladder,2,0.0
3021,1,Ladder,FishingRod,2,0.0
3021,2,FishingRod,Paper,2,0.0
3021,3,Paper,Ladder,2,0.0
3021,4,Ladder,Helmet,2,0.0
3021,5,Helmet,Carrot,2,0.0
3021,6,Carrot,Watermelon,2,0.0
3021,7,Watermelon,Emerald,2,0.0
3021,8,Emerald,Pumpkin,2,0.0
3021,9,Pumpkin,Cactus,2,2.0
3021,10,Cactus,Bucket,2,0.0
3021,11,Bucket,Wheat,2,0.0
3021,12,Wheat,Axe,2,0.0
3023,0,START,Helmet,2,0.0
3023,1,Helmet,Ladder,2,0.0
3023,2,Ladder,FishingRod,2,0.0
3023,3,FishingRod,Carrot,2,0.0
3023,4,Carrot,Watermelon,2,0.0
3023,5,Watermelon,Emerald,2,0.0
3023,6,Emerald,Cactus,2,0.0
3023,7,Cactus,Bucket,2,0.0
3023,8,Bucket,Pumpkin,2,0.0
3023,9,Pumpkin,Wheat,2,0.0
3023,10,Wheat,Axe,2,0.0
3023,11,Axe,Paper,2,0.0
3024,0,START,Helmet,2,0.0
3024,1,Helmet,Watermelon,2,0.0
3024,2,Watermelon,Emerald,2,0.0
3024,3,Emerald,Pumpkin,2,0.0
3024,4,Pumpkin,Cactus,2,0.0
3024,5,Cactus,Bucket,2,0.0
3024,6,Bucket,Wheat,2,2.0
3024,7,Wheat,Axe,2,0.0
3024,8,Axe,Paper,2,0.0
3024,9,Paper,FishingRod,2,0.0
3024,10,FishingRod,Helmet,2,0.0
3024,11,Helmet,Ladder,2,0.0
3024,12,Ladder,Carrot,2,0.0
3031,0,START,Helmet,2,0.0
3031,1,Helmet,FishingRod,2,0.0
3031,2,FishingRod,Ladder,2,0.0
3031,3,Ladder,Paper,2,0.0
3031,4,Paper,Axe,2,0.0
3031,5,Axe,Wheat,2,0.0
3031,6,Wheat,Bucket,2,0.0
3031,7,Bucket,Cactus,2,0.0
3031,8,Cactus,Pumpkin,2,0.0
3031,9,Pumpkin,Emerald,2,
3031,10,Emerald,Watermelon,2,0.0
3031,11,Watermelon,Carrot,2,0.0
3035,0,START,Helmet,2,0.0
3035,1,Helmet,Watermelon,2,0.0
3035,2,Watermelon,Emerald,2,0.0
3035,3,Emerald,Bucket,2,0.0
3035,4,Bucket,Cactus,2,0.0
3035,5,Cactus,Pumpkin,2,0.0
3035,6,Pumpkin,Wheat,2,0.0
3035,7,Wheat,Axe,2,2.0
3035,8,Axe,Paper,2,0.0
3035,9,Paper,FishingRod,2,2.0
3035,10,FishingRod,Carrot,2,0.0
3035,11,Carrot,Emerald,2,3.0
3035,12,Emerald,Cactus,2,
3035,13,Cactus,Pumpkin,2,0.0
3035,14,Pumpkin,Helmet,2,
3039,0,START,Helmet,2,0.0
3039,1,Helmet,FishingRod,2,0.0
3039,2,FishingRod,Ladder,2,0.0
3039,3,Ladder,Paper,2,0.0
3039,4,Paper,Axe,2,0.0
3039,5,Axe,Wheat,2,2.0
3039,6,Wheat,Pumpkin,2,0.0
3039,7,Pumpkin,Cactus,2,0.0
3039,8,Cactus,Bucket,2,0.0
3039,9,Bucket,Emerald,2,0.0
3039,10,Emerald,Watermelon,2,0.0
3039,11,Watermelon,Carrot,2,0.0
3043,0,START,Helmet,2,0.0
3043,1,Helmet,FishingRod,2,0.0
3043,2,FishingRod,Carrot,2,0.0
3043,3,Carrot,Ladder,2,2.0
3043,4,Ladder,Paper,2,2.0
3043,5,Paper,Wheat,2,0.0
3043,6,Wheat,Bucket,2,0.0
3043,7,Bucket,Pumpkin,2,0.0
3043,8,Pumpkin,Cactus,2,0.0
3043,9,Cactus,Emerald,2,2.0
3043,10,Emerald,Watermelon,2,0.0
3043,11,Watermelon,Carrot,2,0.0
3043,12,Carrot,Paper,2,0.0
3043,13,Paper,Axe,2,3.0
3052,0,START,Helmet,2,0.0
3052,1,Helmet,Ladder,2,0.0
3052,2,Ladder,FishingRod,2,0.0
3052,3,FishingRod,Ladder,2,0.0
3052,4,Ladder,Paper,2,0.0
3052,5,Paper,Ladder,2,0.0
3052,6,Ladder,Axe,2,0.0
3052,7,Axe,Axe,2,0.0
3052,8,Axe,Wheat,2,0.0
3052,9,Wheat,Pumpkin,2,0.0
3052,10,Pumpkin,Pumpkin,2,
3052,11,Pumpkin,Cactus,2,0.0
3052,12,Cactus,Bucket,2,0.0
3052,13,Bucket,Helmet,2,2.0
3052,14,Helmet,Ladder,2,0.0
3052,15,Ladder,Helmet,2,0.0
3052,16,Helmet,Emerald,2,0.0
3053,0,START,Helmet,2,0.0
3053,1,Helmet,Ladder,2,0.0
3053,2,Ladder,FishingRod,2,0.0
3053,3,FishingRod,Paper,2,0.0
3053,4,Paper,Carrot,2,0.0
3053,5,Carrot,Watermelon,2,0.0
3053,6,Watermelon,Emerald,2,0.0
3053,7,Emerald,Cactus,2,0.0
3053,8,Cactus,Pumpkin,2,0.0
3053,9,Pumpkin,Bucket,2,0.0
3053,10,Bucket,Wheat,2,2.0
3053,11,Wheat,Axe,2,0.0
3055,0,START,Carrot,2,2.0
3055,1,Carrot,Watermelon,2,0.0
3055,2,Watermelon,Axe,2,
3055,3,Axe,FishingRod,2,
3055,4,FishingRod,Carrot,2,3.0
3055,5,Carrot,Pumpkin,2,3.0
3055,6,Pumpkin,Wheat,2,
3059,0,START,Cactus,2,
3059,1,Cactus,Pumpkin,2,0.0
3059,2,Pumpkin,Bucket,2,0.0
3059,3,Bucket,Wheat,2,0.0
3059,4,Wheat,Axe,2,0.0
3059,5,Axe,Paper,2,0.0
3059,6,Paper,Ladder,2,0.0
3059,7,Ladder,Helmet,2,0.0
3059,8,Helmet,FishingRod,2,0.0
3059,9,FishingRod,Carrot,2,0.0
3059,10,Carrot,Watermelon,2,0.0
3059,11,Watermelon,Emerald,2,0.0
4020,0,START,Helmet,2,0.0
4020,1,Helmet,FishingRod,2,0.0
4020,2,FishingRod,Ladder,2,0.0
4020,3,Ladder,Paper,2,0.0
4020,4,Paper,FishingRod,2,0.0
4020,5,FishingRod,Cactus,2,0.0
4020,6,Cactus,Pumpkin,2,2.0
4020,7,Pumpkin,Bucket,2,0.0
4020,8,Bucket,Wheat,2,0.0
4020,9,Wheat,Emerald,2,0.0
4020,10,Emerald,Watermelon,2,0.0
4020,11,Watermelon,Carrot,2,0.0
4020,12,Carrot,Helmet,2,2.0
4020,13,Helmet,Ladder,2,0.0
4020,14,Ladder,Axe,2,
4021,0,START,Bucket,2,0.0
4021,1,Bucket,Cactus,2,2.0
4021,2,Cactus,Pumpkin,2,0.0
4021,3,Pumpkin,Wheat,2,
4021,4,Wheat,Axe,2,0.0
4021,5,Axe,Paper,2,0.0
4021,6,Paper,Ladder,2,0.0
4021,7,Ladder,FishingRod,2,0.0
4021,8,FishingRod,Carrot,2,0.0
4021,9,Carrot,Watermelon,2,2.0
4021,10,Watermelon,Emerald,2,0.0
4021,11,Emerald,Pumpkin,2,0.0
4021,12,Pumpkin,Helmet,2,
4022,0,START,Helmet,2,2.0
4022,1,Helmet,Watermelon,2,0.0
4022,2,Watermelon,Carrot,2,0.0
4022,3,Carrot,FishingRod,2,2.0
4022,4,FishingRod,Ladder,2,2.0
4022,5,Ladder,Helmet,2,0.0
4022,6,Helmet,Bucket,2,0.0
4022,7,Bucket,Wheat,2,0.0
4022,8,Wheat,Pumpkin,2,0.0
4022,9,Pumpkin,Cactus,2,0.0
4022,10,Cactus,Bucket,2,2.0
4022,11,Bucket,Axe,2,2.0
4022,12,Axe,Paper,2,0.0
4022,13,Paper,Helmet,2,0.0
4022,14,Helmet,Watermelon,2,0.0
4022,15,Watermelon,Emerald,2,0.0
4024,0,START,Helmet,2,0.0
4024,1,Helmet,Ladder,2,0.0
4024,2,Ladder,FishingRod,2,0.0
4024,3,FishingRod,Carrot,2,2.0
4024,4,Carrot,Watermelon,2,0.0
4024,5,Watermelon,Emerald,2,0.0
4024,6,Emerald,Cactus,2,0.0
4024,7,Cactus,Pumpkin,2,0.0
4024,8,Pumpkin,Bucket,2,0.0
4024,9,Bucket,Wheat,2,0.0
4024,10,Wheat,Axe,2,0.0
4024,11,Axe,Paper,2,0.0
4041,0,START,Helmet,2,0.0
4041,1,Helmet,Watermelon,2,0.0
4041,2,Watermelon,Emerald,2,0.0
4041,3,Emerald,Cactus,2,0.0
4041,4,Cactus,Bucket,2,0.0
4041,5,Bucket,Pumpkin,2,0.0
4041,6,Pumpkin,Wheat,2,0.0
4041,7,Wheat,Paper,2,2.0
4041,8,Paper,Ladder,2,0.0
4041,9,Ladder,FishingRod,2,0.0
4041,10,FishingRod,Helmet,2,2.0
4041,11,Helmet,Axe,2,0.0
4041,12,Axe,Paper,2,2.0
4041,13,Paper,Paper,2,0.0
4041,14,Paper,Ladder,2,0.0
4041,15,Ladder,Pumpkin,2,2.0
4041,16,Pumpkin,Cactus,2,0.0
4041,17,Cactus,Bucket,2,
4041,18,Bucket,Cactus,2,0.0
4041,19,Cactus,Emerald,2,0.0
4041,20,Emerald,Watermelon,2,2.0
4041,21,Watermelon,Carrot,2,2.0
4045,0,START,Helmet,2,0.0
4045,1,Helmet,Watermelon,2,0.0
4045,2,Watermelon,Emerald,2,0.0
4045,3,Emerald,Cactus,2,0.0
4045,4,Cactus,Pumpkin,2,0.0
4045,5,Pumpkin,Wheat,2,0.0
4045,6,Wheat,Axe,2,0.0
4045,7,Axe,Paper,2,0.0
4045,8,Paper,Ladder,2,0.0
4045,9,Ladder,FishingRod,2,0.0
4045,10,FishingRod,Carrot,2,
4045,11,Carrot,Watermelon,2,0.0
4045,12,Watermelon,Helmet,2,0.0
4045,13,Helmet,Bucket,2,0.0
5002,0,START,Helmet,2,0.0
5002,1,Helmet,Ladder,2,0.0
5002,2,Ladder,FishingRod,2,0.0
5002,3,FishingRod,Carrot,2,0.0
5002,4,Carrot,Watermelon,2,1.0
5002,5,Watermelon,Emerald,2,0.0
5002,6,Emerald,Cactus,2,2.0
5002,7,Cactus,Pumpkin,2,0.0
5002,8,Pumpkin,Bucket,2,0.0
5002,9,Bucket,Wheat,2,0.0
5002,10,Wheat,Axe,2,0.0
5002,11,Axe,Paper,2,0.0
5006,0,START,Emerald,2,0.0
5006,1,Emerald,Watermelon,2,0.0
5006,2,Watermelon,Carrot,2,0.0
5006,3,Carrot,FishingRod,2,0.0
5006,4,FishingRod,Helmet,2,0.0
5006,5,Helmet,Cactus,2,
5006,6,Cactus,Bucket,2,2.0
5006,7,Bucket,Wheat,2,0.0
5006,8,Wheat,Pumpkin,2,0.0
5006,9,Pumpkin,Axe,2,0.0
5006,10,Axe,Paper,2,0.0
5006,11,Paper,Ladder,2,0.0
5007,0,START,Helmet,2,2.0
5007,1,Helmet,FishingRod,2,0.0
5007,2,FishingRod,Ladder,2,0.0
5007,3,Ladder,Paper,2,0.0
5007,4,Paper,Axe,2,0.0
5007,5,Axe,Wheat,2,0.0
5007,6,Wheat,Bucket,2,0.0
5007,7,Bucket,Pumpkin,2,0.0
5007,8,Pumpkin,Cactus,2,0.0
5007,9,Cactus,Emerald,2,0.0
5007,10,Emerald,Watermelon,2,0.0
5007,11,Watermelon,Carrot,2,0.0
5030,0,START,Helmet,2,0.0
5030,1,Helmet,FishingRod,2,3.0
5030,2,FishingRod,Carrot,2,0.0
5030,3,Carrot,Watermelon,2,0.0
5030,4,Watermelon,Emerald,2,0.0
5030,5,Emerald,Cactus,2,0.0
5030,6,Cactus,Pumpkin,2,0.0
5030,7,Pumpkin,Wheat,2,2.0
5030,8,Wheat,Axe,2,0.0
5030,9,Axe,Paper,2,0.0
5030,10,Paper,Ladder,2,0.0
5030,11,Ladder,Emerald,2,3.0
5030,12,Emerald,Pumpkin,2,0.0
5030,13,Pumpkin,Bucket,2,0.0
5033,0,START,Helmet,2,0.0
5033,1,Helmet,Carrot,2,0.0
5033,2,Carrot,Watermelon,2,0.0
5033,3,Watermelon,Emerald,2,0.0
5033,4,Emerald,Pumpkin,2,
5033,5,Pumpkin,Cactus,2,0.0
5033,6,Cactus,Bucket,2,0.0
5033,7,Bucket,Wheat,2,0.0
5033,8,Wheat,Axe,2,0.0
5033,9,Axe,Paper,2,0.0
5033,10,Paper,Ladder,2,0.0
5033,11,Ladder,FishingRod,2,0.0
5040,0,START,Helmet,2,0.0
5040,1,Helmet,Ladder,2,0.0
5040,2,Ladder,FishingRod,2,0.0
5040,3,FishingRod,Paper,2,0.0
5040,4,Paper,Axe,2,0.0
5040,5,Axe,Wheat,2,0.0
5040,6,Wheat,Pumpkin,2,0.0
5040,7,Pumpkin,Cactus,2,0.0
5040,8,Cactus,Bucket,2,0.0
5040,9,Bucket,Emerald,2,0.0
5040,10,Emerald,Watermelon,2,0.0
5040,11,Watermelon,Helmet,2,0.0
5040,12,Helmet,Carrot,2,0.0
5042,0,START,Helmet,2,0.0
5042,1,Helmet,Helmet,2,0.0
5042,2,Helmet,FishingRod,2,0.0
5042,3,FishingRod,Ladder,2,0.0
5042,4,Ladder,Paper,2,0.0
5042,5,Paper,Wheat,2,0.0
5042,6,Wheat,Bucket,2,0.0
5042,7,Bucket,Pumpkin,2,0.0
5042,8,Pumpkin,Cactus,2,0.0
5042,9,Cactus,Emerald,2,0.0
5042,10,Emerald,Watermelon,2,0.0
5042,11,Watermelon,Carrot,2,0.0
5042,12,Carrot,Helmet,2,2.0
5042,13,Helmet,Carrot,2,1.0
5042,14,Carrot,Watermelon,2,0.0
5042,15,Watermelon,Cactus,2,
5042,16,Cactus,Axe,2,2.0
5044,0,START,Helmet,2,0.0
5044,1,Helmet,FishingRod,2,0.0
5044,2,FishingRod,Ladder,2,0.0
5044,3,Ladder,Paper,2,0.0
5044,4,Paper,Axe,2,0.0
5044,5,Axe,Wheat,2,0.0
5044,6,Wheat,Bucket,2,0.0
5044,7,Bucket,Pumpkin,2,0.0
5044,8,Pumpkin,Cactus,2,0.0
5044,9,Cactus,Emerald,2,0.0
5044,10,Emerald,Watermelon,2,0.0
5044,11,Watermelon,Carrot,2,0.0
5046,0,START,Helmet,2,0.0
5046,1,Helmet,FishingRod,2,0.0
5046,2,FishingRod,Ladder,2,2.0
5046,3,Ladder,Paper,2,0.0
5046,4,Paper,Axe,2,0.0
5046,5,Axe,Wheat,2,0.0
5046,6,Wheat,Bucket,2,2.0
5046,7,Bucket,Cactus,2,0.0
5046,8,Cactus,Pumpkin,2,0.0
5046,9,Pumpkin,Emerald,2,2.0
5046,10,Emerald,Watermelon,2,0.0
5046,11,Watermelon,Carrot,2,2.0
5049,0,START,Emerald,2,
5049,1,Emerald,Watermelon,2,0.0
5049,2,Watermelon,Carrot,2,1.0
5049,3,Carrot,FishingRod,2,2.0
5049,4,FishingRod,Ladder,2,0.0
5049,5,Ladder,Paper,2,0.0
5049,6,Paper,Axe,2,0.0
5049,7,Axe,Wheat,2,0.0
5049,8,Wheat,Bucket,2,0.0
5049,9,Bucket,Cactus,2,0.0
5049,10,Cactus,Pumpkin,2,2.0
5049,11,Pumpkin,Emerald,2,0.0
5049,12,Emerald,Helmet,2,0.0
5055,0,START,Helmet,2,0.0
5055,1,Helmet,FishingRod,2,0.0
5055,2,FishingRod,Carrot,2,0.0
5055,3,Carrot,Watermelon,2,2.0
5055,4,Watermelon,Emerald,2,0.0
5055,5,Emerald,Cactus,2,0.0
5055,6,Cactus,Bucket,2,0.0
5055,7,Bucket,Pumpkin,2,0.0
5055,8,Pumpkin,Wheat,2,0.0
5055,9,Wheat,Axe,2,0.0
5055,10,Axe,Paper,2,0.0
5055,11,Paper,Ladder,2,0.0
5057,0,START,Helmet,2,0.0
5057,1,Helmet,FishingRod,2,0.0
5057,2,FishingRod,Ladder,2,0.0
5057,3,Ladder,Paper,2,2.0
5057,4,Paper,Carrot,2,2.0
5057,5,Carrot,Watermelon,2,0.0
5057,6,Watermelon,Emerald,2,0.0
5057,7,Emerald,Cactus,2,0.0
5057,8,Cactus,Pumpkin,2,0.0
5057,9,Pumpkin,Bucket,2,1.0
5057,10,Bucket,Wheat,2,0.0
5057,11,Wheat,Axe,2,0.0
5059,0,START,Helmet,2,0.0
5059,1,Helmet,FishingRod,2,0.0
5059,2,FishingRod,Ladder,2,0.0
5059,3,Ladder,Paper,2,0.0
5059,4,Paper,Axe,2,0.0
5059,5,Axe,Wheat,2,0.0
5059,6,Wheat,Bucket,2,0.0
5059,7,Bucket,Pumpkin,2,0.0
5059,8,Pumpkin,Emerald,2,0.0
5059,9,Emerald,Watermelon,2,0.0
5059,10,Watermelon,Carrot,2,0.0
5059,11,Carrot,Cactus,2,0.0
5062,0,START,Helmet,2,0.0
5062,1,Helmet,Watermelon,2,
5062,2,Watermelon,Emerald,2,0.0
5062,3,Emerald,Bucket,2,0.0
5062,4,Bucket,Cactus,2,0.0
5062,5,Cactus,Pumpkin,2,0.0
5062,6,Pumpkin,Wheat,2,0.0
5062,7,Wheat,Axe,2,0.0
5062,8,Axe,Paper,2,2.0
5062,9,Paper,Ladder,2,1.0
5062,10,Ladder,FishingRod,2,0.0
5062,11,FishingRod,Paper,2,
5062,12,Paper,Pumpkin,2,
